CUSIP,10/31/22 MTD,11/30/22 MTD,12/31/22 MTD,01/31/23 MTD,02/28/23 MTD
00081TAK4,5.91,5.71,-0.53,5.15,-4.86
00119LAA9,8.18,0.07,-0.83,3.06,-0.35
00150LAB7,0.98,2.82,-1.15,5.73,2.45
00164VAE3,2.49,-2.44,-10.65,10.85,11.87
00164VAF0,3.64,-3.42,-14.16,-1.05,19.9
00165CAP9,-20.05,-26.22,7.63,23.26,3.57
00165CBA1,-10.59,-15.76,-5.87,8.63,2.76
00175PAB9,4.36,-0.74,0.33,1.02,-1.02
00175PAC7,3.08,1.66,-1.34,1.13,-1.41
001846AA2,3.65,3.49,-0.79,2.1,0.83
00185PAA9,2.63,5.48,-0.41,3.06,-0.1
001877AA7,1.03,4.19,1.97,2.67,-0.19
00191AAD8,5.42,3.83,-4.57,12.85,4.97
00191UAA0,2.7,0.88,1.88,1.34,-0.84
001940AC9,3.27,1.17,1.62,4.31,-1.79
00213MAV6,4.66,1.99,-3.02,2.29,-0.93
00213MAW4,0.3,8.39,-1.02,4.85,-2.78
00217AAA4,2.85,1.31,1.23,1.4,0.63
00253XAA9,1.88,2.46,-1.17,2.43,-0.12
00253XAB7,4.76,3.14,-1.82,6.26,-1.35
003000AA4,-2.04,5.65,0.21,2.93,0.66
00401YAA8,5.03,0.57,1.16,1.33,-1.32
00404AAN9,2.04,2.02,1.45,1.91,-2.03
00404AAP4,2,2.81,0.61,1.7,-2.16
004498AB7,1.42,0.85,1.4,2.28,-1.57
00489LAA1,4.21,-0.22,-0.79,4.15,-0.71
00489LAD5,4.55,-0.74,0.59,3.51,0.28
00489LAF0,3.98,0.61,1.86,0.44,-1.32
00489LAH6,8.5,-2.64,2.4,3.02,-0.11
00511BAA5,-1.8,-1.26,-0.66,2.82,-1.54
00623PAA9,-1.23,3.87,2.8,2.31,2.29
00653VAA9,3.52,0.26,0.6,3.1,-2.24
00653VAC5,6.7,-0.78,0.13,4.16,-3.05
00687YAA3,2.48,4.57,0.56,2.35,-1.87
00737WAA7,1.54,2.91,-1.08,1.87,-0.38
00773HAA5,0.63,1.76,3.13,3.39,-0.67
00774CAB3,1.65,3.22,0.12,1.92,-1.97
00775PAA5,7.92,-7.06,-2.7,1.2,1.18
00790RAA2,1.43,1,1.3,1.94,-1.98
00790RAB0,0.26,0.44,1.01,2.96,-3
00791GAA5,2.76,2.84,0.24,2.09,0.78
00810GAC8,6.19,-1.78,-0.45,0.87,-2.66
00840KAA7,7.42,1.38,0.91,2.8,-0.87
00842XAA7,4.11,2.26,0.76,5.85,0.2
00867FAA6,-3.89,0.94,1.56,5.77,0.48
008911BD0,-0.38,0.45,0.41,4.94,1.38
008911BK4,3.44,3.78,-3.11,4.61,-2.06
01021FAA7,-1.51,-4.18,-5.89,8.36,3.96
01021FAB5,-4.72,-4.15,-9.55,12,3.86
013092AA9,2.13,0.62,0.03,1.08,-0.25
013092AB7,2.43,2.28,-0.24,3.22,-0.57
013092AC5,3.4,0.35,1.24,2.34,-0.58
013092AE1,5.37,1.01,-0.25,3.69,-1.82
013092AF8,2.44,1.1,0.96,1.44,-0.3
013092AG6,2.82,1.11,1.03,3.17,-1.28
013304AA8,1.32,4.1,1.72,1.31,-0.13
013305AA5,3.12,-0.1,1.08,1.26,2.11
013817AJ0,3.45,1.74,-0.56,2.47,-1.55
013817AW1,1.49,0.74,0.23,1.34,-0.11
015857AH8,-0.09,2.33,-0.52,4.67,-0.8
016900AC6,0.33,1.15,0.88,1.82,1.02
01741RAH5,0.6,2.92,2.96,1.62,-0.81
01741RAL6,1.16,2.32,3.9,3.98,-1.39
01748XAD4,0.48,3.23,-0.12,3.39,0.94
01771YAA8,-16.06,7.89,-4.23,5.28,7.78
01883LAA1,5.91,1.47,-0.42,4.48,-2.27
01883LAB9,5.64,0.06,0.55,2.16,-2.86
01883LAD5,3.94,1.23,-2.83,6.42,-3.24
019576AA5,7.88,-0.14,-2.47,5.42,-0.71
019576AB3,6.43,4.54,-1.51,9.28,-3.08
019576AC1,7.92,3.79,2.71,10.5,-5.99
019579AA9,9.34,1.13,-1.42,4.81,-2.74
019736AE7,4.75,1.16,0.62,2.52,-1.39
019736AF4,2.9,2.51,-0.96,3.08,-1.1
02005NBF6,-0.64,2.5,-1.13,2.63,-1.17
02128LAA4,3.41,2.97,2.78,3.41,1.48
02154CAF0,3.89,3.69,-1.33,5.85,-2.03
02154CAH6,3.51,4.34,-3.6,7.07,-2.08
02156LAA9,3.22,5.06,-2.44,3.29,0.49
02156LAC5,0.77,5.77,-2.47,6.22,-0.2
02156LAE1,3.56,3.84,-2.56,3.36,-0.43
02156LAF8,1.39,3.51,-2.8,5.3,-0.77
02156LAH4,1.86,4.19,-2.57,3.79,-0.6
02156TAA2,1.53,5.4,-9.84,14.73,2.74
02156TAB0,0.07,2.45,-1.8,13.67,-2.76
022249AU0,0.92,2.8,0.48,3.96,-1.38
023764AA1,0.17,0.95,4.95,5.67,2.68
02376LAA3,-2.97,1.63,1.7,6.8,2.94
02376RAE2,8.2,-0.32,-2.28,9.91,-1.99
02376WAA9,-0.78,1.81,4.34,6.1,4.76
023770AA8,-1.23,2.31,0.88,5.59,1.89
023771S25,-1.47,1.81,0.94,5.21,6.45
023771S58,5.51,2.33,-3.06,4.24,-0.73
023772AB2,-0.15,1.87,0.67,6.49,0.89
02377AAA6,-1.23,2.42,1.53,3.65,1.53
02406PAU4,9.51,2.49,-3.83,2.29,0.59
02406PAY6,3.21,0.85,-0.85,0.87,1.08
02406PBA7,7.29,4.65,-7.15,2.69,-0.83
02406PBB5,7.87,7.35,-6.8,3.32,-1.24
024747AF4,1.41,2.71,-0.94,2.71,-1.59
02608AAA7,0.04,3.09,-2.73,5.09,3.19
030981AH7,1.92,1.87,-1.27,1.47,-0.26
030981AJ3,3.7,2.49,-0.48,1.98,-1.82
030981AK0,3.26,1.91,-0.56,1.74,-1.65
030981AL8,3.02,3.75,-1.51,1.3,-1.31
031652BK5,2.45,1.69,-0.39,1.42,-0.83
031921AB5,4.03,0.86,-2.56,3.02,-2.59
032177AH0,1.34,2.62,1.28,3.4,-2.05
03217CAA4,-0.98,4.05,1.78,3.12,-1.23
03674XAQ9,2.58,0.92,-1.51,1.69,-0.67
03674XAS5,3.52,1.28,-0.61,1.08,-1.38
03690AAD8,3.47,1.75,-1.83,3.09,-2.08
03690AAF3,4.24,0.29,0.85,3.27,-1.6
03690AAH9,4.02,1.59,0.18,2.01,-2.34
03690EAA6,1.96,1.21,0.02,1.67,-0.68
037411BE4,3.22,1.15,0.32,3.41,-1.45
03762UAD7,4.74,1.66,1.94,1.41,-4.76
038522AP3,1.84,0.86,0.8,1.21,-0.88
038522AQ1,3.57,3.16,-0.31,1.34,-2.06
038522AR9,1.55,1.32,-0.3,1.53,0.03
039524AA1,5.56,0.62,-2.94,7.58,-1.69
039524AB9,1.05,5.03,0.68,5.6,-1.71
03959KAA8,6.98,1.86,-0.45,2.78,-0.32
03959KAC4,6.26,0.42,0.59,3.88,0.24
039653AA8,2.21,1.08,1.11,3.1,-1.67
03966VAA5,6.82,0.71,0.93,2.99,2.76
03966VAB3,3.08,0.2,0.45,1.16,1.03
03969AAN0,3.76,2.71,-1.17,5.66,0.46
03969AAP5,12.33,7.74,-1.68,11.88,0.79
03969AAQ3,1.45,2.59,0.1,2.83,-0.78
03969AAR1,12.33,7.74,-1.68,11.88,0.79
03969YAA6,0.93,3.18,0.66,3.52,-3.93
03969YAC2,1.81,2.23,0.98,2.62,-2.76
040133AA8,-1.33,1.34,1.78,8.31,-0.8
041242AA6,1.98,1.83,0.41,1.5,0.45
043436AU8,3.58,4.76,-2.66,3.76,-0.73
043436AW4,3.32,6.4,-2.46,5.08,-1.27
04364VAG8,2.65,0.35,0.23,-1.13,2.04
04364VAK9,0.26,2.6,-0.45,2.01,-0.62
04364VAR4,1,2.86,0.8,1.05,-0.38
04364VAU7,-0.74,2.77,-0.35,-0.79,-0.6
045086AK1,2.05,4.87,-0.97,5.38,-0.25
045086AM7,3.25,5.21,1.88,2.85,-1.16
04621XAK4,-2.13,1.53,1.48,3.6,-0.38
04624VAA7,4.52,0.46,1.44,2.05,-0.09
04624VAB5,5.76,3.81,-1.6,3.25,0.03
04625HAG4,-0.49,0.75,-2.05,6.22,2.43
04625PAA9,-2.45,1.64,-0.42,15.09,0.52
04650YAA8,4.05,1.54,-2.81,3.74,1.97
04650YAB6,-4.07,4.86,1.76,6.53,2.22
04682RAE7,2,0.95,0.03,-0.53,-1.22
04916WAA2,0.88,4.13,0.65,0.67,-0.17
049362AA4,9.34,1.13,-1.42,4.81,-2.74
05351CAA5,1.31,-0.27,-1.34,8.53,0.36
05352TAA7,1.75,2.23,-0.45,4.12,-2.01
05352TAB5,4.22,1.98,-0.56,5.57,-1.78
05368VAA4,3.84,3.09,0.83,3.36,-0.39
053773BC0,2.36,1.37,-0.79,3.69,0.62
053773BE6,2.36,1.37,-0.79,3.69,0.62
053773BF3,5.86,2.63,-2.32,4.63,1.69
053773BG1,7.52,0.46,-1.98,4.71,1.09
05453GAC9,5.77,-0.48,2.28,3.89,-2.78
05454NAA7,2.77,0.51,0.64,2.64,-1.12
05508RAE6,4.85,-2.31,-0.33,4.05,-0.3
05508WAB1,4.05,-4.21,-3.03,5.8,0.35
05552BAA4,3.86,-0.86,-4.64,17.19,-5.41
05552VAA0,5.12,-0.12,1.45,4.85,-1.26
05553LAA1,-2.75,0.64,-4.95,21.04,-2.5
05605HAB6,1.09,1.69,0.83,1.42,-0.64
05605HAC4,0.44,2.16,-0.66,4.66,-3.03
056623AA9,4.14,2.75,2.42,3.4,-0.06
058498AT3,1.28,1.47,-0.5,1.13,-0.52
058498AV8,1.58,1.53,-0.36,1.76,-1.15
060335AA4,-0.55,2.61,-0.6,2.68,1.12
071734AC1,-4.94,2.81,5.33,-0.18,-0.66
071734AD9,5.69,7.69,14.91,-3.92,-2.01
071734AF4,1.59,10.87,15.97,-5.69,-0.08
071734AH0,6.21,7.33,17.92,-6.22,-2.02
071734AJ6,3.62,9.38,15.37,-7.44,-0.59
071734AK3,5.63,9.42,15.04,-3.3,-5.2
071734AM9,1.63,8.89,15.47,-5.78,-1.89
071734AN7,-4.01,0.48,4.49,0.98,-2.18
071734AP2,-4.15,1.53,4.57,-0.15,1.85
07317QAH8,3.27,0.71,-0.71,2.39,-0.9
073685AF6,0.76,1.34,1.52,2.05,-1.06
073685AH2,2.52,1.95,0.26,3.59,-0.23
07403VAA7,-4.16,-10.06,-5.82,9.09,3.96
07556QBM6,0.82,4.1,1.41,1.7,1.83
07556QBR5,8.89,4.7,0.95,2.66,-0.88
07556QBT1,5.02,7.42,1.25,3.88,-2.22
07831CAA1,4.16,2.68,0.84,3.7,-0.23
080555AE5,0.61,-0.54,0.95,-0.34,1.09
080555AF2,0.7,0.02,-1.45,0.6,1.69
08576PAA9,1.49,3.02,0.62,1.2,-0.87
085770AB1,2.79,3.47,0.04,0.78,-1.61
08580BAA4,3.77,4.53,-1.39,4.63,-1.39
08949LAB6,3.17,3.15,-1.83,3.39,-0.4
092174AA9,2.45,3.7,-3.19,2.22,-1.34
09257WAD2,3.92,3.78,-2.44,3.71,-3.11
093645AJ8,0.75,0.25,1.35,1.25,0.01
094234AA9,0.82,1.92,-0.41,6.73,0.44
095796AE8,2.57,2.62,0.67,2.76,-0.79
095796AH1,3.21,2.51,-0.3,2.71,-0.3
09624HAA7,4.77,-1.07,5.09,6.81,-2.66
097751BT7,3.83,4.25,-0.92,3.34,0.01
097751BV2,4.07,3.85,-0.53,2.2,-0.76
097751BX8,6.75,5.7,0.35,2.95,-0.69
097793AE3,1.92,0.38,0.68,2.28,-0.62
103186AB8,1,-0.24,-0.53,1.86,0.48
103186AC6,0.37,0.73,-0.32,1.58,3.15
103304BU4,3.93,2.15,0.5,2.54,-0.61
103557AC8,4.59,2.11,1.13,1.67,-1.32
10524PAB6,0.68,10.71,1.41,3.33,3.78
10947XAA0,-0.92,2.56,0.98,3.24,0.07
10948WAA1,1.12,1.45,0.54,2.64,-0.74
109641AH3,1.09,0.29,0.4,1.78,0.14
109696AA2,3.82,0.8,-0.62,2.96,-2.59
109696AB0,2.49,1.77,-0.04,1.01,-0.38
11040GAA1,6.64,-0.39,0.68,3.35,-0.64
11102AAF8,-1.07,0.96,0.14,6.45,0.12
11135RAA3,3.06,5.64,1.28,3.22,-1.75
11283YAB6,4.6,2.89,0.56,0.94,-0.85
11283YAG5,3.04,5.37,-0.01,0.81,-1.34
11284DAA3,2.68,3.87,-5.93,2.82,-1.8
11284DAC9,4.66,3.63,-5.07,4.5,-2.26
118230AN1,1.94,1.15,0.78,1.24,-0.52
118230AQ4,1.21,2.02,0.06,3,-3.2
118230AR2,3.26,2.2,-1.11,3.6,-3.32
118230AT8,3.32,2.24,-0.41,-0.27,-0.92
118230AU5,2.73,2.91,-0.36,4.76,-3.93
12008RAN7,1.61,3.65,1.62,5,-2.85
12116LAA7,-0.1,5.75,-2.31,0.33,-1.18
12116LAC3,0.63,4.65,-0.55,2.33,-4.78
12467AAF5,0.55,1.02,1.86,2.88,0.41
1248EPBR3,1.89,1.25,0.43,1.94,-1.45
1248EPBT9,3.07,1.91,-1.04,2.99,-2.52
1248EPBX0,3.95,2.12,-1.38,3.76,-2.39
1248EPCB7,2.42,1.93,-0.89,3.35,-3
1248EPCS0,1.47,3.4,-1.59,3.2,-2.68
12510CAA9,4.14,-5.21,-2.87,5.64,-3.24
12511VAA6,3.72,3.28,-2.62,5.58,-1.51
125137AC3,4.52,0.15,-0.31,0.29,1.36
12531TAF6,3.69,-2.03,-2.07,10.4,-0.14
12543DBC3,-0.19,7.74,-1.38,7.08,1.04
12543DBD1,3.04,10.07,2.81,5.48,3.4
12543DBE9,-13.7,24.76,1.07,25.9,11.62
12543DBG4,4.12,7.12,2.09,3.63,-0.12
12543DBH2,1.64,12.59,0.61,5.32,-0.4
12543DBJ8,-12.83,30.88,-1.02,22.4,11.62
12543DBL3,-12.06,25.52,1.48,20.42,13.32
12595DAA5,0.72,3.64,0.22,3.05,0.54
12597YAA7,-2.22,2.21,3.43,3.93,-2.19
12598FAA7,1.16,2.79,3.16,0.93,0.36
12612DAH9,-0.19,1.86,1.23,1.32,-0.02
126307AH0,4.87,0.04,-4.05,5.55,-0.61
126307AQ0,7.33,-2.21,-7.18,5.08,-0.49
126307AS6,6.17,-2.09,-8.63,4.64,-0.15
126307AY3,6.63,-9.07,-12.2,8.45,-7.29
126307AZ0,7.06,-2.61,-9.38,6.03,-1.5
126307BA4,8.8,-10.69,-15.16,11.83,-8.42
126458AE8,3.53,1.11,-1.35,6.38,-4.35
12652HAA6,1.84,3.59,1.29,2.38,-1.71
12653CAC2,2.46,1.03,1.14,0.5,0.25
12653CAJ7,2.19,1.19,-1.14,0.63,-1.37
12653CAK4,1.75,0.76,-2.43,2.13,-1.41
12662PAB4,7.14,-0.1,-3.43,5.36,-0.13
12662PAD0,7.39,-1.27,-3.42,5.81,-2.67
12663QAC9,3.89,0.33,0.49,1.61,-0.62
12670RAA2,0.36,-3.21,5.75,0.52,1.65
12687GAA7,1.97,0.33,-2.66,3.26,-4.02
12687GAB5,-0.13,-2.36,-2.23,2.98,-2.25
12769GAA8,4.69,5.6,-4.18,5.44,0.6
12770RAA1,1.77,1.59,-0.65,2.59,0.13
13057QAH0,5.48,-0.81,-1.21,2.56,4.12
13123XAZ5,7.27,0.28,-1.37,3.43,-1.53
13123XBD3,8.79,-0.35,-1.38,5.76,-1.15
13123XBF8,8.92,-0.31,-1.47,6.07,-2.3
131347CK0,1.65,0.99,-0.11,2.04,-0.59
131347CM6,3.21,2.03,-1.21,3.46,-2.05
131347CN4,3.37,1.69,-0.06,1.58,-1.52
131347CP9,4.49,2.29,-0.18,1.26,-2.55
131477AT8,2.32,2.55,-0.1,1.71,-0.84
131477AV3,3.46,1.32,-1.23,3.94,1.37
13323AAB6,2.51,1.98,-1.15,1.58,-2.87
13323NAA0,1.63,8.6,2.63,3.16,1.76
13782CAA8,-13.9,-36.6,19.78,6.05,-2.05
14180LAA4,3.96,0.77,1.31,0.19,-3.6
143658AH5,-3.3,4.22,1.59,17.84,0.02
143658BG6,-0.06,4.26,-0.33,4.72,-0.14
143658BJ0,-3.96,5.45,-2.25,8.95,-0.28
143658BL5,-0.12,12.39,-4.72,14.35,-0.38
143658BN1,-0.33,7.72,-4.02,16.49,-0.4
143658BQ4,0.37,3.51,-2.27,6.1,-1.54
143658BR2,1.05,7.87,-5.18,17.88,-0.73
143658BS0,-1.95,10.97,-3.64,18.75,1.39
143905AP2,-4.71,-0.22,6.77,3.11,-1.89
144285AL7,1.46,1.72,1.19,3.89,-1.96
144285AM5,1.68,3.25,0.95,2.76,-2.07
14445LAA5,-1.53,-1.93,-1.01,2.62,3.8
14574XAF1,3.56,1.54,0.54,9.61,0.2
14575EAA3,1.9,2.28,1.71,4.7,-0.56
146869AB8,-5.29,-30.36,2.43,13.88,22.04
146869AD4,-9.5,-22.54,12.62,13.69,13.55
146869AF9,-9.83,-24.5,12.04,16.09,13.6
146869AH5,-8.34,-22.95,16.71,17.4,7.72
146869AJ1,-8.24,-27.69,14.76,15.14,17.35
14739LAA0,-1.54,1.36,1.01,2.46,0.01
14739LAB8,1.56,4.63,-0.98,6.16,-2.21
14852LAA1,-37.47,12.8,-19.27,1.17,2.43
14856HAA6,0.13,0.99,1.6,5.5,-0.91
14879EAE8,5.16,1.77,-1.68,2.14,1.88
14879EAH1,5.16,0.22,-2.93,4.42,4.29
14985VAE1,0.07,1.74,0.94,3.29,0.08
150190AB2,1.6,2.3,0.19,1.84,-0.82
150190AE6,2.85,0.82,2.68,2.88,-0.05
150190AF3,3.52,0.81,-0.3,1.01,0.03
150190AK2,1.98,2.81,0.64,0.83,-0.15
15137NAA1,1.8,0.92,1.13,3.05,0.93
15138AAA8,1.73,1.77,-1.4,3.83,0.66
15138AAC4,0.72,0.94,-3.42,4.59,-1.21
153527AM8,2.09,1.48,1.22,2.84,-1.73
15477CAA3,0.99,2.97,0.98,2.45,-1.39
156431AN8,-2.66,1.37,0.42,3.37,5.63
156504AL6,2.05,2.43,-1.26,4.08,-1.03
156686AM9,-0.86,-4.32,4.69,-0.65,-22.55
156700AZ9,0.3,1.55,-0.7,0.46,-5.38
156700BB1,-0.38,0.69,2.94,-1.04,-13.31
156700BC9,0.7,0.56,0.31,-0.53,-8.47
156700BD7,0.92,-3.91,2.55,-2.1,-20.73
15679GAA0,-0.23,1.21,4.65,1.9,5.57
159864AE7,4.35,0.54,1.55,1.07,-2.18
159864AG2,4.34,1.51,1.22,1.29,-2.3
16308NAA2,2.41,3.2,1.84,3.24,-1.29
163851AE8,3.29,2.02,2.02,0.95,-0.99
163851AF5,4.41,3.85,2.93,2,-2.98
16412EAA5,1.05,1.17,1.54,6.12,-0.03
165167DF1,1.53,0.77,0.43,1.05,1.09
165167DG9,2.24,2.06,-0.27,1.06,-1.86
17027NAA0,3.86,3.6,0.15,1.4,-0.09
17027NAB8,2.86,1.88,0.21,4.16,-4.26
171484AE8,2.33,4.24,-1.29,4.86,-2.03
171484AG3,3.68,0.04,0.51,2.42,-1.59
17186HAG7,-11.88,17.11,0.7,1.93,6.92
172441BD8,1.07,4.3,-4.68,8.44,2.34
172441BF3,0.42,4.56,-6.4,10.65,2.59
18060TAA3,2.71,0.43,0.66,0.71,-0.55
18064PAC3,5.12,3.89,-4.65,3.29,-2.94
18064PAD1,6.99,3.15,-0.5,3.9,-1.33
184496AN7,3.48,0.36,0.78,2.47,-1.59
184496AP2,1.03,-0.2,1.28,4.13,-2.35
18452MAB2,3.07,0.36,1.06,3.25,0.52
18453HAA4,6.63,-2.9,-0.13,5.5,-1.5
18453HAC0,9.3,-7.21,-1.25,16.55,-1.41
18453HAD8,8.79,-4.6,-2.48,12.62,0.2
18538RAH6,-1.37,0.5,1.09,1.75,0.29
18538RAJ2,0.34,1.37,-1.27,1.68,-1.07
18539UAC9,4.3,1.01,-0.62,2.09,-2.11
185899AG6,1.5,1.91,0.48,1.71,0.07
185899AH4,3.63,2.18,1.61,3.14,-0.81
185899AK7,3.29,2.33,2.5,4.77,-1.78
18911YAA3,2.53,0.96,0.97,1.24,0.82
18972EAA3,4.45,2.35,0.2,3.32,-2.26
18972EAB1,6.66,3.1,-1.31,1.6,2.85
19106CAA4,-4.19,-3.47,-6.47,4.14,5.25
192108BC1,6.15,0.66,1.58,2.78,-5.19
19240CAC7,2.45,0.76,0.05,2.16,-1.27
19240CAE3,1.48,2.59,0.02,3.08,-1.72
19260QAC1,6.18,-12.15,-8.34,22.26,1.98
19416MAA7,1.29,0.61,-0.79,3.01,-0.36
19416MAB5,4.94,-0.89,-5.47,9.67,-3.83
201723AQ6,2.57,2.13,3.15,1.91,-2.04
203372AV9,10.15,-7.69,-7.54,10.04,1.04
203372AX5,4.31,-0.06,-2.4,3.28,-1.34
20337YAA5,6.48,0.02,-1.71,4.28,1.88
20338HAB9,8.09,-5.2,-5.71,11.69,0.69
20338QAA1,8.31,-2.67,-6.87,9.23,0.75
20338QAD5,5.5,0.21,-2.75,4.22,0.98
20451NAE1,0.73,0.66,1.17,2.09,-1.55
20451NAG6,1.31,0.08,2.94,2.25,-2.67
20451RAB8,9.55,2.18,-0.41,5.46,-1.99
205768AS3,4.05,1.63,-4.75,2.6,0.47
205768AT1,5.36,0.76,-4.69,0.34,0.22
20679LAB7,3.48,1.68,-0.83,9.41,-7.71
20752TAA2,8.17,1.11,-0.29,3.22,-2.27
20848VAA3,2.41,3.64,1.57,2.27,-4.42
20848VAB1,4.18,3.28,-0.01,2.9,-6.1
20903XAF0,10.63,0.79,-3.3,5.41,-10.75
20903XAH6,11.83,-1.47,-2.22,4.04,-11.84
20914UAE6,-0.92,3.96,-0.84,0.23,2.17
20914UAF3,4.74,4.16,-1.9,2.73,-1.35
210374AA2,2.11,-0.46,1.36,-1.22,-2.44
210383AG0,1.95,3.1,0.75,3.61,-0.44
21039CAA2,7.39,4.76,0.94,2.84,-1.11
21039CAB0,7.17,5,0.11,5.25,-2.63
21871DAD5,-0.35,10.02,5.05,4,-2.51
21871NAA9,3.76,1.42,3.81,0.74,-0.81
21871NAB7,2.65,1.76,0.23,0.86,-0.92
21925AAE5,-10.25,9.63,-1.41,0.34,19.75
21925DAA7,11.43,8.68,4.86,6.59,-2.28
222070AB0,3.9,1.12,2.02,3.18,0.02
222070AE4,3.23,2.24,0.25,0.92,-0.21
222070AG9,1.93,3.16,2.71,1.27,-0.59
22303XAA3,6.03,-0.14,-4.12,7.18,-2.82
225310AM3,1.88,1.98,-0.55,-3.04,3.54
225310AN1,1.44,1.87,-0.71,-0.07,0.43
226373AP3,3.22,0.78,-0.05,1.81,-0.94
226373AQ1,4.22,0.82,-0.29,3.05,-2.86
226373AR9,5.44,-0.78,0.15,3.36,-3.73
227046AA7,0.83,4.15,1.9,2.38,-1.07
22788CAA3,1.19,-0.1,0.15,1.78,-1.68
228187AB6,3.14,1.39,0.17,1.01,-0.85
22819KAB6,2.8,3.54,-0.64,0.59,-2.29
228255AH8,2.46,1.16,0.84,2.1,-0.67
228701AF5,1.45,1.69,-1.19,1.83,-0.44
228701AG3,3.62,1.05,-0.87,3.45,-1.34
23110AAA4,3.16,-2.6,-0.52,0.08,3.48
23131LAC1,21.28,-28.58,9.5,-0.69,-5.87
23166MAA1,2.93,1.26,1.6,1.52,-1.95
233293AQ2,2.7,3.95,2.13,2.45,-4.46
233293AR0,2.62,-0.12,0.58,1.49,-1.07
23345MAA5,2.64,2.11,-1.14,2.95,-2.39
235822AB9,2.95,0.66,0.62,1.31,-1.08
235825AF3,7.22,2.11,-0.01,3.36,-2.78
235825AG1,8.97,2.15,-0.96,4.39,-3.65
23585WAA2,-2.77,2.96,3.27,1.31,1.91
237266AH4,2.19,1.81,0.35,0.43,-0.66
237266AJ0,1.33,2.25,0.64,2.04,-2.34
23833NAH7,2.1,1.72,0.6,1.41,0.29
24229JAA1,0.05,-1.1,2.85,6.97,-1.21
24665FAB8,1.96,1.63,0.13,1.46,1.13
24665FAC6,3.67,1.83,-1.09,2.73,-2.21
247361ZN1,5.02,2.87,-2.1,4.59,-1.41
247361ZU5,1.54,0.58,0.36,0.78,0.03
247361ZZ4,1.64,1.46,-0.12,2.81,-1.07
248019AU5,3.61,-0.17,1.08,5.11,-1.31
25257DAA6,3.83,3.3,6.58,5.12,-3.05
253651AD5,-0.9,-4.01,-1.06,-5.26,8.5
25461LAA0,4.69,2.44,-2.49,1.59,-0.41
25470XAW5,3.57,3.43,-2.57,1.77,-0.46
25470XAY1,10.73,-0.35,-1.62,1.12,-3.58
25470XBB0,13.54,-2.1,-3.39,2.87,-3.93
25470XBD6,15.31,-2,-1.77,-0.75,-6.3
25470XBE4,5.61,-0.62,-2.19,2.65,-2.51
25470XBF1,7.49,1.51,-0.51,3.26,-2.01
25525PAA5,4.86,3.79,-0.54,3.18,-0.3
257867BF7,-9.32,13.15,2.94,4.18,0.97
25830JAA9,-8.1,1.11,6.84,7.79,0.36
26151AAA7,-3.41,2.5,2.1,2.09,1.72
26483EAL4,3.25,2,-0.96,3.97,-6
267475AD3,3.27,-1.31,2.95,2.57,-1.49
26885BAA8,1.59,2.04,0.26,1.01,-0.71
26885BAB6,4.69,4.1,-2.29,2.35,-1.55
26885BAC4,4.97,4.04,-3.04,3.68,-2.77
26885BAF7,5.12,1.91,-1.21,1.89,-1.5
26885BAH3,5.55,1.75,-3.03,2.81,-2.51
26885BAK6,5.23,3.72,-3.79,3.98,-4.19
26885BAM2,4.11,2.59,-2.69,2.96,-1.6
27034RAA1,1.03,2.48,0.36,2.96,-1.09
27900QAA4,6.05,2.34,2.34,0.25,0.25
28035QAA0,5.25,1.59,-2.05,1.5,-0.71
28035QAB8,3.35,2.72,-1.11,2.1,-2.01
28228PAA9,1.14,1.01,-2.99,7.18,-2.01
28228PAB7,5.76,4.38,-1.19,2.66,-4.92
28414HAG8,1.81,3.02,2.78,3.75,-2.23
28415LAA1,6.05,-1.97,0.84,6.38,-3.36
28470RAH5,1.81,1.57,-0.39,2.79,0.13
28470RAK8,2.36,3.79,-1.03,3.89,0.14
28618MAA4,5.87,1.08,0.23,3.93,-1.64
29082KAB1,-1.03,0.5,-0.84,0.36,0.88
29089QAC9,-8.68,-24.24,10.5,-11.42,35.56
29163VAC7,4.46,2.32,0.14,0.49,-0.73
292052AF4,-1.32,-0.44,-0.31,2.5,1.24
29254BAA5,3.06,2.16,-3.88,3.69,-5.34
29260FAE0,2.82,1.56,-2,3.56,-1.94
29261AAA8,4.09,1.22,1.44,3.19,-1.25
29261AAB6,3.04,4.46,-0.17,4.42,-2.38
29272WAC3,5.3,5.81,0.16,3.28,-2.04
29272WAD1,8.77,5.65,0.23,2.37,-1.79
29272WAF6,3.6,4.83,0.48,2.85,-1.09
29275YAC6,-0.29,2.08,1.63,2.59,-0.54
29278MAC9,0.56,0.84,1.47,2.16,-0.23
29279XAA8,-1.09,4.42,-2.68,11.01,1.67
29336TAA8,1.18,3.43,-2.28,4.31,-2.77
29336TAC4,2.38,1.63,-0.79,2.86,-1.49
29336UAE7,1.75,1.88,0.14,1.66,-0.23
29336UAF4,2.08,1.72,-0.44,3.07,-2.06
29355XAG2,2.52,0.89,0.98,1.47,-2.49
29357KAD5,1.63,3.09,-0.87,3.76,1.47
29357KAF0,5.24,3.11,0.59,3.62,1.56
29360AAA8,-1.32,1.92,-0.33,1.58,-0.45
29360AAB6,-2.46,3.82,1.05,3.05,-1.97
29362UAC8,4.07,1.97,-1.07,2.95,-1.65
29362UAD6,2.38,3.21,-1.36,6.76,-2.83
29365BAB9,0.67,3.49,-2.39,4.65,-2.38
29365DAA7,15.88,-10.62,-22.4,-9.26,-10.44
29365DAB5,19.05,-17.72,-18.32,2.58,-13.31
29373TAA2,-5.73,3.11,-5.87,-2.72,-8.22
29413XAD9,1.8,0.22,-1.05,-0.13,0.74
29977LAA9,1.59,-1.7,1.36,1.23,-3.42
30034TAA1,6.11,0.37,0.64,5.28,-2.15
30191BAB7,1.97,3.4,1.88,0.94,-0.07
30251GAW7,0.58,1.48,-0.05,0.86,-0.05
30251GBA4,1.92,2.93,0.91,3.11,-2.65
30257WAA4,1.24,3.88,2.69,0.61,1.06
303250AE4,3.79,0.65,-0.63,1.95,-1.38
303250AF1,6.12,1.49,-0.58,2.76,-1.88
30327TAA7,-1.08,1.41,2.14,1.42,-0.33
315289AA6,3.72,1.88,0.08,1.43,-1.48
315289AC2,2.72,1.21,-2.25,2.4,-1.62
31556TAA7,5.46,1.93,-3.61,4.53,-1.44
31556TAC3,3.85,7.73,-3.79,3.4,0.5
317386AA8,-2.66,0.4,-12.93,19.82,20.91
31944TAA8,5.08,2.08,0.23,3.28,-2.75
337120AA7,0.31,2.39,1.15,0.31,2.78
33767DAB1,3.74,2.49,0.64,3.14,-2.79
337932AH0,1.47,1.17,-1.35,2.8,-2.01
337932AK3,0.85,1.08,0.21,1.54,-0.37
337932AN7,-0.63,2.26,-0.14,2.11,0.05
33834YAA6,5.53,2.58,0.83,7.94,1.25
343412AC6,0.16,1.62,0.77,1.12,-1.63
343412AF9,0.6,4.78,0.33,2.92,-2.67
345370BN9,-0.36,0.63,-0.22,2.03,-0.59
345370BP4,1.52,0.26,0.2,1.9,-1.64
345370BY5,1.92,2.6,-0.31,5.1,-2.94
345370BZ2,1.12,2.36,-1.48,5.95,-2.41
345370CR9,1.28,2.77,-0.22,3.2,-1.52
345370CX6,1.23,3.77,-0.96,4.68,-1.46
345397A45,3.69,2.92,-1.53,4,-2.78
345397A60,2.67,0.75,-0.7,2.17,-1.04
345397A86,3.48,2.96,-1.55,3.45,-2.73
345397B28,3,1.88,-2.16,3.15,-0.96
345397B51,3.4,3.85,-1.5,4.76,-3.05
345397B77,4.81,1.47,-1.19,2.99,-1.85
345397B85,1.68,1.64,-1.17,2.47,-0.63
345397C27,2.8,3.63,-2.17,3.19,-2.44
345397WW9,1.26,1.34,0.06,1.36,-0.31
345397XL2,2.42,2.47,-1.2,2.55,-1.01
345397XU2,2.69,3.04,-2.32,3.18,-1.84
345397YT4,3.61,3.39,-1.56,2.77,-2.41
345397ZJ5,2.3,1.94,-0.58,2.13,-1.1
345397ZR7,2.85,4.16,-3.24,4.9,-3.06
345397ZW6,3.6,2.34,-1.02,3.3,-1.89
345397ZX4,2.24,1.31,-0.18,0.95,-0.28
346232AE1,3.87,3.39,2.27,2.3,-0.95
346232AF8,3.9,4.57,-0.55,1.17,-1.58
34960PAB7,2.84,1.27,-2.15,3.3,1.7
34960PAC5,4.76,-0.13,1.75,3.25,0.71
34960PAD3,6.77,2.37,-0.23,3.86,2.32
350392AA4,-4.62,7.69,1.54,7.58,-0.62
35166FAA0,10.1,-4.08,2.02,10.51,-1.71
35640YAA5,2.02,5,0.55,5.83,0.06
35640YAB3,4.53,4.49,2.57,5.98,0.32
35640YAF4,6.34,9.64,0.09,5.37,-2.22
35640YAG2,5.18,8.13,-1.54,6.97,-1.25
35906ABE7,3.79,3.09,-2.25,3.18,-2.11
35906ABF4,2.42,2.2,-0.67,4.47,-2.74
35906ABG2,0.55,2.53,-2.28,4.28,-1.56
35908MAA8,1.16,2.22,-2.71,5.82,-1.8
35908MAB6,0.05,5.25,-2.74,4.76,-2.13
35908MAD2,2.56,1.93,-0.55,2.15,-1.64
359678AC3,-1.75,2.32,-1.32,6.3,3.84
359694AB2,1.39,1.2,1.18,0.24,-1.98
36120RAA7,9.23,-2.55,0.56,9.32,-0.52
36162JAC0,2.17,2.12,0.41,2.43,-0.01
36162JAD8,2.27,3.53,1.84,0.68,1.04
36166TAB6,1.98,1.84,-0.55,3.69,-1.96
36168QAF1,2.61,1.35,0.99,1.7,-1
36168QAJ3,2.32,0.35,0.25,1.04,-0.77
36168QAK0,2.73,0.16,0.46,1.01,-0.72
36168QAL8,3.25,0.52,1.45,2.37,-0.92
36168QAM6,0.67,5.26,-1.08,1.55,-1.59
36168QAN4,3.63,0.94,-0.52,3.89,-1.13
36168QAP9,2.19,1.58,0.27,4.46,-1.91
362333AH9,1.43,0.31,0.87,1.29,0.6
362337AK3,4.17,0.73,-0.15,-0.16,-0.37
36237HAA9,5.09,2.9,-3.06,2.48,-0.08
36257BAA7,3.97,3.13,5.43,3.22,-1.93
36261NAA5,3.22,3.39,2.1,2.95,2.68
36262BAA0,12.3,-1.9,-6.47,-1.26,3.53
36474GAA3,-1.72,8.34,1.5,-2.32,5.57
36485MAK5,4.01,1.35,0.46,3.83,-2.4
36485MAL3,6.79,3.53,1.59,2.72,-1.31
365417AA2,0.6,3.89,-1.12,3.58,-1.03
366651AC1,4.12,1.91,-1.3,2.29,-2.77
366651AG2,3.18,2.03,-0.25,2.72,-3.22
36740LAA0,3.93,0.86,0.13,2.6,-0.33
37185LAJ1,6.72,0.97,-0.59,3.62,-1.27
37185LAK8,8.05,0.07,-1.29,5,-0.57
37185LAL6,10.88,0.75,-3.71,5.59,-0.23
37185LAM4,11.21,-0.58,-2.18,5.37,-0.32
37255JAA0,0.3,1.13,0.79,2.13,-1.35
37255LAA5,3.16,-0.77,1.62,0.72,0.31
374276AJ2,1.06,0.98,0.25,1.41,0.98
37892AAA8,3.61,2.49,2.38,0.65,-2
379352AL1,22.66,7.5,6.13,9.5,1.91
37954FAG9,5.82,-0.38,1.59,1.71,-0.37
37954FAJ3,1.57,-0.19,0.49,5.12,-0.43
37959GAC1,-0.37,2.8,2.22,12.82,-2.12
37960BAA3,-7.32,-1.72,-3.25,-2.6,7.32
37960JAA6,7.24,4.78,2.37,8.33,-0.76
37960XAA5,0.2,5.15,1.66,6.07,2.31
38016LAA3,2.9,1.39,-0.02,2.6,-1.8
38016LAC9,1.76,2.51,-1.23,2.84,-2.47
380355AD9,-0.54,1.68,0.8,0.52,-0.02
380355AF4,-1.48,1.69,1.76,1.14,-0.4
381013AA9,0.87,0.66,0.28,2.63,0.27
382550AD3,-2.21,1.71,1.45,2.96,-1.3
382550BF7,3.83,1.29,-1.6,2.83,-0.04
382550BG5,3.29,2.37,-0.65,3.05,-1
384311AA4,8.73,3.23,-0.54,5.69,-5.53
384637AA2,0.83,1.34,-0.75,1.16,-0.67
384701AA6,2.2,4.11,-0.62,5.62,-0.71
38528UAC0,1.77,1.32,-0.45,1.58,-0.8
38528UAD8,-0.9,0.24,0.52,1.58,-0.81
38528UAE6,1.24,3.59,1.92,2.7,-3.31
38869AAA5,0.69,1.51,0.62,2.6,-1.99
38869AAB3,1.59,1.64,-0.32,2.91,-2.38
38869PAM6,1.45,1.1,-0.14,0.92,-0.38
389284AA8,1.99,-2.77,-3.57,3.01,0.23
389375AJ5,2.86,-1.81,-2.18,3.35,-0.57
390607AF6,1.77,4.43,-4.96,9.59,-6.45
39807UAB2,3.66,0.72,1.12,1.54,0.5
398433AP7,7.13,2.03,-1.57,3.98,-2.2
39843UAA0,1.71,7.47,4.39,0.94,-1.27
398905AN9,2.35,4.1,-0.17,3.71,-1.88
40010PAA6,-2.33,12.85,-3.03,11.46,-1.01
40060QAA3,4.07,2.33,0.03,3.09,-1.21
40204BAA3,-0.68,1.67,-5.63,6.12,0.52
402635AQ9,0.8,0.61,0,0.83,-1.35
40390DAC9,5.54,-3.98,-2.16,7.34,6.49
404030AJ7,6.83,2.58,-0.57,3.99,-1.98
40410KAA3,3.82,2.76,-0.57,1.01,-0.56
404139AJ6,1.61,-7.15,6.16,5.96,0.53
410345AJ1,1.93,-0.19,0.58,1.72,2.01
410345AL6,2.59,-0.38,-0.19,4.34,-0.82
411618AB7,-0.61,-0.03,0.31,3.34,0.36
415864AM9,13.56,14.48,-1.77,7.77,1.38
417558AA1,3.53,0.83,0.53,2.84,-1.26
418751AB9,1.64,2.03,0.81,1.42,-0.82
418751AE3,1.94,6.9,1.75,2.56,-1.98
419838AA5,0.28,2.99,1.99,3.92,2.28
41984LAA5,4.88,3.22,-5.1,6.09,-2.22
421924BT7,0.88,0.57,-0.11,0.87,-0.39
42226AAA5,3.88,0.67,1.37,1.21,-1.9
42239PAA7,0.57,1.13,-2.4,-4.19,-1.12
422704AH9,2.9,3.77,0.75,1.76,-1.36
42329HAA6,3.05,-0.41,-0.12,6.02,1.87
42704LAA2,5.56,-0.66,-1.21,3.13,-1.15
42704MAA0,3.78,-1.89,-0.61,6.71,2.8
427169AA5,0.57,-0.87,-0.32,3.13,0.36
428040DA4,4.61,2.28,-2.82,6.48,1.3
428040DB2,7.38,-0.06,-2.28,8.26,2.06
428102AC1,3.76,0.81,-0.5,2.45,-1.3
428102AF4,5.55,2.47,0.54,1.78,-2.55
428104AA1,4.96,1.77,-0.03,2.05,-2.39
43118DAA8,0.55,2,1.74,3.58,-0.56
431318AS3,2.51,2.12,-5.67,6.29,-2.49
431318AU8,4.2,0.78,-0.46,4.53,-1.94
431318AV6,4.3,1.77,-5.08,8.82,-1.64
431318AY0,3.73,1.86,-1.17,5.11,-2.42
431571AB4,1.46,2.2,-0.04,1.22,-2.04
431571AD0,1.66,1.34,0.21,0.77,-1.06
432833AF8,3.44,3.33,-1.79,4.17,-2.23
432833AG6,1.06,1.29,0.2,0.97,-0.25
432833AH4,3.17,2.02,-0.18,2.4,-1.35
432833AJ0,3.37,3.3,-1.74,3.11,-1.69
43284MAA6,7.04,1.11,0.9,3.44,-1.11
432891AK5,4.05,1.68,-0.71,2.08,-1.19
435765AH5,3.43,0.63,1.03,2.02,-2.16
435765AJ1,1.63,1.96,1.15,0.9,-1.45
436440AM3,2.46,3.03,-1.34,1.69,-1.98
436440AP6,3.79,3.62,-1.24,2.21,-1.93
43734LAA4,-4.85,3.35,15.43,6.5,-2.87
44055PAA4,3.19,3.62,3.31,0.54,0.02
44106MAT9,5.39,1.05,-1.06,4.49,3.39
44106MAV4,8.91,0.17,-2.49,3.88,5.26
44106MAW2,8.49,2.14,-3.56,4.75,5.38
44106MAX0,8.25,1.97,-3.97,7.34,5.12
44106MAZ5,4.63,1.98,-2.74,3.82,1.88
44106MBA9,8.36,1.59,-4.01,5.11,5.38
44267DAD9,4.34,5.49,0.59,3.4,-1.8
44267DAE7,2.93,6.19,-0.01,3.49,-3.02
442722AA2,2.19,3.04,4.36,1.43,-1.83
443201AA6,2.06,0.54,-0.19,0.76,-0.47
44332PAD3,4.48,0.76,-0.04,1.91,-0.23
44332PAG6,3.4,2.82,1.71,3.06,-3.8
444454AD4,3.76,1.09,0.3,1.82,-1.09
444454AF9,3.6,-0.4,0.56,4.04,-0.5
445587AE8,6.59,2.57,4.53,0.97,-4.42
44810RAA6,1.11,-5.99,2.8,5.54,0.44
44963BAD0,-0.89,0.4,1,4.07,4.47
44963BAE8,-1.48,1.51,1.96,5.8,1.17
449691AA2,6.45,3.41,-1.96,2.46,-0.57
449691AC8,5.96,5.01,-3.93,4.1,-1.01
44988MAC9,1.04,0.8,0.03,1.18,0.25
449934AD0,0.74,1.19,0.08,2.11,-1.3
45031UCF6,0.99,-0.22,1.2,0.53,0.65
45031UCG4,-0.26,1.76,-0.08,1.84,0.74
45074JAA2,3.98,7.21,-1.44,3.56,-4.79
451102BQ9,2.29,1.55,-0.62,2.76,-0.13
451102BT3,3.28,2.44,-0.96,2.45,-1.2
451102BW6,3.4,0.68,-0.68,1.99,0.31
451102BZ9,5.25,0.48,0.43,2.47,0
451102CC9,4.23,0.61,2.32,2.87,-0.44
45174HBC0,3,0.4,-2.31,4.68,-1.2
45174HBD8,7.28,-0.38,-3.29,5.99,-1.13
45174HBE6,7.38,-1.72,-4.55,6.28,-2.14
45174HBG1,5.09,-0.76,-6.28,5.46,-0.92
45232TAA9,2.51,-0.99,1.67,7.26,0.81
45258LAA5,3.05,3.92,-2.84,0.91,-1.94
45344LAA1,3.63,4.74,-0.92,1.66,-2.21
45569KAA1,3.51,-0.2,0.24,1.32,-2.35
45674GAA2,1.58,5.51,0.62,1.73,-3.68
45682RAA8,0.69,4.84,0.4,-1.03,2.54
45688CAB3,2.93,0.87,1.13,2.34,-2.14
45774NAB4,-0.17,3.73,1.17,1.42,1.42
45780RAA9,-0.52,-0.48,3.48,2.68,1.32
45824TBC8,8.76,0.7,-1.77,1.73,-3.35
45827MAA5,-5.68,9.61,-0.24,10.87,-1.95
458665AS5,-6.38,2.2,2.62,2.54,-1.82
460599AC7,0.82,1.11,0.45,0.78,-0.21
460599AD5,2.76,0.84,0.46,1.71,-1.85
460599AE3,5.11,1.71,-0.14,2.75,-2.76
460599AF0,1.92,1.81,-0.15,2.18,-1.99
46115HAT4,2.7,1.32,0.15,1.42,-0.55
46115HAW7,0.18,6.1,1.17,2.2,-1.34
46116VAE5,-1.67,3.18,0.15,0.88,0.63
46205YAA9,-0.36,1.59,2.99,3.15,-4.08
46266TAA6,1.64,1.55,-0.9,2.31,-1.65
46272EAA1,0.01,-1.87,3.05,0.86,4.49
46284VAC5,3.34,2.39,-1.21,2.84,-1.6
46284VAE1,5.29,2.14,-0.61,3.77,-2.67
46284VAF8,5.31,2.95,-0.05,4.15,-2.75
46284VAG6,4.41,3.01,-0.11,3.22,-1.6
46284VAJ0,5.06,4.19,-3.51,4.59,-3.15
462914AA0,4.77,2.82,-3.93,-4.31,-2.39
46567TAB0,5.24,1.62,-0.25,0.91,0.62
46648XAA6,0.34,1.12,0.44,0.44,0.24
469815AK0,3.45,2.5,1.79,2.99,-1.7
47010BAF1,3.01,9.42,-0.4,9.83,1.39
47010BAJ3,0.36,1.47,0.68,6.45,0.68
47010BAK0,5.38,5.13,0.49,10.71,1.04
47010BAM6,1.99,2.62,-0.87,9.9,3.03
47032FAB5,0.62,2.18,0.73,3.22,-1.32
47077WAA6,3.09,0.26,-0.38,3.02,-1.7
47216FAA5,3.12,1.79,0,2.14,-2.61
47232MAF9,7.1,7.8,-2.46,4.98,-0.33
472481AA8,0.18,-0.39,0.98,1.91,2.26
475795AC4,3.04,2.31,-1.21,6.38,1.98
475795AD2,4.38,5.34,-1.73,8.72,2.75
475795AE0,0.55,1.3,0.96,1.27,1.93
48128TAA0,-0.36,-0.14,0.92,4.59,-0.58
48238TAA7,0.42,1.79,0.18,0.98,-0.4
48242WAC0,1.42,2.09,-0.59,3.97,-0.25
48250NAC9,3.24,0.73,1.2,1.29,-1.81
48251UAB4,1.13,2.9,0.07,1.99,1.73
48251UAF5,0.83,5.47,-3.21,0.9,0.46
48253LAA4,15.97,8.75,3.11,5.94,-1.1
483007AJ9,7.41,0.92,1.04,4.58,-5.33
48666KAX7,1.78,3.55,1.04,2.22,-1.63
48666KBA6,2.39,4.65,1.96,3.88,-1.69
487526AB1,-0.57,1.02,-0.83,3.35,0.61
48850PAA2,3.52,1.83,0.82,3.13,0.92
489399AL9,6.39,0.83,-1,6,-3.15
49461MAA8,3.77,-0.1,0.29,2.29,-2.54
499894AA1,-0.47,-3.62,-3.58,6.57,2.49
500605AH3,1.58,4.44,3.15,3.92,-1.76
50067PAA7,3.01,1.11,1.59,2.69,-0.65
50106GAE2,4.08,1.08,-3.15,4.43,0.5
50106GAF9,10.69,-0.76,-0.81,6.59,-0.28
50168AAA8,7.69,1.35,1.8,3.25,-0.92
50168AAB6,5.75,0.75,0.11,2.61,-0.93
50168QAC9,7.83,2.49,-3.78,6.17,-3.43
50168QAD7,10.12,2.48,-1.35,5.8,-2.43
501797AN4,2.02,5.32,1.17,1.93,-0.77
501797AQ7,0.87,4.45,1.65,1.76,-0.83
501797AR5,4.24,6.24,-1.02,3.45,-0.5
501797AU8,1.42,2.11,2.12,0.47,-0.44
501797AW4,3.66,5.2,0.23,4.69,-2.38
50190EAA2,9.25,0,-3.64,2.65,-0.47
50201DAA1,12.57,2.06,-0.37,4.23,-4.06
50201DAD5,11.35,0.03,-0.46,6.09,-3.94
50203TAA4,-1.09,3.32,0.21,3.26,4.86
50212YAC8,2.32,0.31,2.35,1.81,-1.67
50212YAD6,2.28,0.26,-1.17,3.17,-1.12
502160AN4,6.42,3.04,-2.62,-0.5,1.57
50220MAA8,2.6,2.16,-1.03,3.55,-2.66
50221DAA7,3.1,3.96,1.1,1.58,2.7
505742AG1,0.72,3.49,-0.9,2.58,-2.06
505742AM8,3.69,3.62,-3.41,4.97,-2.72
505742AP1,7.06,3.5,-1.72,3.4,-1.23
513075BR1,1.33,3.39,0.01,1.92,-1.87
513075BW0,1.81,3.22,0.02,2.72,-1.33
513272AC8,3.38,1.46,0.96,2.45,-1.99
514665AA6,-0.12,-0.41,-0.64,1.42,0.87
51602UAD0,0.99,-0.59,-13.31,16.1,-5.1
516806AG1,3.4,3.48,-1.71,1.88,-0.02
516806AH9,4.89,-0.05,-3.17,2.7,-5.72
517834AE7,-0.41,5,-1.48,3.71,-1.32
517834AG2,1.42,0.52,-0.79,1.97,0.34
517834AH0,0.93,2.83,-0.5,1.52,-0.77
521088AA2,13.95,-3.02,4.07,13.06,-1.77
521088AC8,8.16,-8.81,19.15,9.69,-8.03
524590AA4,1.14,3.29,4.02,2.58,-3.46
52473NAA6,2.05,0.91,2.66,3.83,-0.42
527298BN2,5,-2.07,-0.99,2.07,-11.22
527298BR3,5.85,-3.39,0.22,1.01,-13.4
527298BS1,3.33,-2.81,-2.03,2.09,-13.24
530715AD3,-4.26,-9.18,-17.54,10.28,-10.7
530715AJ0,-1.94,-17.16,-10.61,8.58,-11.16
53079EBM5,-3.53,5.14,2.5,6.15,-2.01
53190FAA3,2.26,3.82,-2.75,3.97,-0.29
53190FAC9,3.36,3.62,0.14,8.66,-0.15
53219LAR0,-9.49,0.66,4.16,9.72,-1.75
53219LAS8,-4.59,6.49,1.19,3.65,-3.05
53219LAT6,-5.65,4.67,3.22,4.13,-1.56
53219LAU3,-8.92,-7.37,-1.79,18.37,-1.32
53523LAA8,1.84,3.84,-1.32,8.31,-2.32
53627NAE1,2.37,-13.68,-7.85,12.74,10.39
536797AE3,3.79,2.94,-0.93,2.71,-1.95
536797AG8,1.29,3.91,-2.17,3.51,-1.37
538034AK5,0.91,1.74,-0.74,0.88,0.41
538034AN9,1.05,-0.19,0.12,2.67,-0.28
538034AR0,2.78,0.41,0.88,4.17,-2.26
538034AV1,3.58,1.21,-2.23,3.27,-1.69
538034AX7,3.2,0.8,-2.11,4.43,-1.79
541056AA5,-4.45,1.16,-3.37,-5.63,-3.73
546347AM7,3.71,4.98,1.65,1.08,-3.51
550241AA1,-0.66,-3.02,3.25,-3.81,-21.34
552704AE8,0.8,0.46,1.12,1.1,-0.36
552704AF5,7.37,-0.5,-1.09,2.14,-2.23
552848AG8,2.06,1.36,1.04,2.44,-0.34
552953CD1,2.97,2.13,-0.27,3.23,-0.78
552953CE9,2.01,1.26,-0.52,1.96,-0.12
552953CF6,3.27,2.87,-0.5,4.4,-1.14
552953CG4,0.78,1.62,1.25,0.42,0.05
552953CH2,2.96,2.94,-1.02,4.25,-0.67
55300RAA9,-1.29,11.08,1.16,2.01,-0.13
55300RAB7,-6.44,19.42,3.54,2.61,-2.09
55300RAE1,-5,16.92,1.74,2.03,-1.19
55300RAG6,-5.8,19.51,2.76,1.24,-1.79
55305BAS0,3.35,2.34,1.69,4.31,-2.19
553283AC6,3.16,-7.06,-5.11,9.86,-9.62
553283AD4,5.55,-7.31,-0.36,6.87,-8.25
55337PAA0,4.72,6.16,-0.75,4.01,-1.59
55342UAG9,-0.88,-0.38,2.16,0.45,-1.91
55342UAH7,-0.51,0.27,0.53,1.03,-1.84
55617LAP7,8.52,7.91,-3.73,5.2,-1.89
55617LAQ5,7.33,7.44,-2.88,5.55,-2.92
55760LAA5,3.53,3.95,-1.85,6.05,-2.54
55760LAB3,-0.63,7.17,-6.14,17.51,-0.13
55916AAA2,1.83,4.14,10.28,4.24,-0.31
55916AAB0,-1.66,6.7,14.4,13.02,0.56
559665AA2,2.33,0.21,-0.58,1.48,0
56085RAA8,2.36,11,-3.41,6.44,-0.95
561233AH0,12.95,1.78,0.08,3.32,1.28
561233AK3,4.84,-5.59,5.42,7.58,10.35
561233AM9,2.32,-4.13,-1.06,6.48,0.82
563571AL2,0.87,2.29,3.02,5.82,2.6
57164PAF3,4.54,2.01,-0.76,5.39,-2.69
57164PAH9,5.8,2.1,-1.59,5.26,-3.42
575385AD1,4.03,0.79,2.14,1.68,0.59
576485AE6,2.23,0.17,-0.26,2.46,-1.4
57665RAG1,1.15,4.75,-0.75,3.8,-2.4
57665RAJ5,-2.13,4.12,0.31,2.82,-1.82
57665RAN6,2.06,1.96,-0.95,3.22,-2.45
57701RAJ1,3.2,5.29,0.17,3.5,-1.88
577081BD3,1.32,1,0.92,2.57,-1.96
577081BE1,2.39,0.63,1.13,1.77,-1.28
577081BF8,2.98,1.58,1.11,2.52,-3.28
577088AA5,-7.66,0.76,1.33,20.23,-5.94
577128AA9,2.41,1.91,1.41,1.49,-0.45
57767XAA8,5.94,1.45,-3.89,5.08,-0.02
57767XAB6,4.43,0.31,-1.69,4.24,0.35
57778KAB1,-0.15,2.08,8.78,0.88,1.72
57778KAC9,5.57,0.27,6.3,0.98,0.69
579063AB4,1.91,0.58,-2.09,3.05,-3.43
58502BAE6,4.07,-1.56,4.57,3.45,0.6
58547DAD1,-10.68,40.88,3.87,8.21,-3.31
58547DAE9,-10.34,36.81,6.56,9.17,-3.78
588056AW1,2.04,1.21,0.61,2,-0.79
588056BB6,2.21,3.47,-2.2,2.82,-3.61
59001AAY8,1.17,1.98,0.95,1.67,-0.07
59001ABA9,1.87,5.25,1.35,2.23,-0.58
59001ABD3,2.35,4.92,1.46,5.47,-2.38
59010QAB2,0.31,1.38,0.13,2.47,0.29
59151KAK4,1.12,0.36,-0.11,0.67,0.61
59151KAM0,8.44,1.98,0.8,3.35,-1.47
59155LAA0,3.76,1.6,5.6,1.42,-4.26
594972AF8,4.47,-12.89,2.3,17.85,-1.52
59565JAA9,5.07,0.35,-3.89,6.73,-1.52
59565XAC4,2.36,2.18,-1,4.42,-2.57
59567LAA2,0.26,3.21,-1.86,2.95,-1.6
59833DAB6,3.8,1.77,-1.43,3.91,-2.48
60041CAA6,-8.99,0.67,-7.34,9.64,-3.49
603051AA1,2.08,2.59,0.35,-0.35,0.16
603051AC7,2.76,4.76,0.35,1.23,-2.37
603051AD5,3.24,2.88,0.95,1.94,-2.68
603158AA4,-0.06,2.12,2.37,1.49,-1.44
60337JAA4,-0.69,-3.45,-1.58,11.74,-2.88
60783XAA2,6.09,-1.46,0.31,3.58,-1.23
608328BH2,1.52,11.88,-1.26,2.7,-0.84
60855RAJ9,-0.04,1.32,1.19,1.79,-1.38
60935YAA7,2.26,1.64,0.66,1.01,-0.33
615394AM5,1.44,1.63,2.01,0.77,-0.52
61965RAA3,6.03,1.63,-1.31,3.28,-1.87
61965RAB1,4.36,2.83,-1.55,2.54,-0.83
61978XAA5,-0.35,4.54,-0.46,5.23,3.08
624758AF5,2.06,0.55,1.25,1.94,-1.59
62482BAA0,2.12,5.61,-5.3,6.45,-2.13
62482BAB8,3.82,5.12,-1.86,6.01,-1.6
626717AA0,3.43,0.46,1.75,2.61,-1.88
626717AJ1,2.14,1.27,-0.71,0.63,-0.05
626717AM4,4.2,0.95,-0.38,2.96,-2.45
626717AN2,4.07,1.31,-1.17,3.03,-1.72
626738AD0,0.55,1.02,0.85,1.69,-2.15
626738AE8,1.81,2.71,-0.43,0.82,-2.02
62886EAU2,6.82,1.29,-0.95,2.25,0.25
62886EAV0,11.1,1.85,-1.76,6.33,-1.28
62886EAY4,7.83,3.1,-0.74,4.1,-2.09
62886EBA5,12.06,3.11,-3.89,4.45,-1.34
62886HAP6,3.08,0.28,0.13,9.81,0.45
62886HBA8,7.39,1.56,-3.36,10.29,0.99
62886HBE0,7.84,0.12,-2.62,7.93,0.23
62886HBG5,6.39,1.21,-2.36,14.45,1.95
62888HAA7,10.64,1.56,-3.34,9.96,3.05
62913TAM4,-2.61,4.72,0.52,9.67,4.41
62913TAP7,0.26,7.87,-0.31,11.27,6.51
629209AA5,3.39,1.03,1.39,0.44,-0.93
62922LAA6,2.38,0.35,-0.86,7.11,1.16
62929RAC2,3.54,1.79,-2.08,2.53,1.05
629377CC4,2.2,1.26,-1.09,1.39,0.3
629377CE0,3.13,1.03,-1.4,2.11,-0.8
629377CH3,3.62,1.9,-4.04,3.01,-0.98
629377CQ3,3.54,0.15,-2.58,3.14,-1.26
629571AA8,11.04,0.24,-0.65,3.27,-1.55
629571AB6,13.08,-0.26,1.57,4.97,-1.49
62957HAF2,6.26,0.25,0.53,2.19,-1.2
62957HAJ4,7.09,-0.32,1.03,2.79,-3.26
63530QAJ8,-27.52,-11.61,-36.46,14.38,22.39
63861CAA7,5.47,1.93,-0.18,4.07,-0.17
63861CAC3,4.17,4.39,-2.41,7.2,-2.06
63938CAB4,2.03,0.77,0.14,2.25,-1.08
63938CAH1,2.43,2.31,-0.78,4.39,-0.62
63938CAJ7,4.34,1.57,0.94,4.06,-1.29
63938CAK4,2.69,4.24,-0.01,4.83,-2.32
63938CAL2,4.77,2.92,2.4,8.12,-3.33
63938CAM0,5.31,3.68,0.19,8.49,-3.61
64051NAA1,-1.35,-3.58,1.26,5.59,1
64073KAA1,4.03,1.39,-0.03,1.59,-0.37
64083YAA9,5.38,1.65,1,2.53,-0.44
64110LAL0,0.71,1.31,-0.03,0.86,-0.5
64110LAN6,1.49,2.18,0.11,2.05,-2.59
64110LAS5,1.87,3.33,-0.97,3.03,-2.52
64110LAT3,2.71,3.02,-0.55,2.88,-2.19
64110LAX4,2.85,2.34,-0.29,3.91,-2.61
64110LAY2,1.18,1.52,-0.34,1.45,-0.85
644274AG7,2.68,8.34,1.36,3.04,1.59
644274AH5,5.58,4.29,-0.24,2.81,0.01
644393AA8,4.28,-0.01,-2.56,1.75,-1.7
644393AB6,5.6,0.25,-3.9,-0.29,-0.29
644535AH9,10.68,4.34,-1.34,6.75,-6.72
645370AC1,-2.66,3.18,7.55,3.72,7.09
64828TAA0,3.66,3.96,-0.15,4.26,-1.38
651229AQ9,0.39,0.55,-0.17,0.64,-0.5
651229AW6,1.49,1.83,0.76,0.78,-0.05
651229BB1,0.1,1.54,0.34,0.62,-0.44
651229BC9,-0.88,0.99,1.14,1.69,-0.57
651229BD7,0.33,1.51,1.33,3.02,-1.62
65249BAA7,1.64,3.67,-2.51,3.84,-3.94
65336YAN3,3.6,1.86,-2.17,4.34,-2.49
65342QAB8,2.38,1.41,-2.13,2.73,-2.23
65342QAK8,1.54,0.45,0.43,1.1,-0.86
65342QAL6,1.49,1.67,-1.75,1.85,-2.45
65342RAD2,11.09,-1.15,1.04,5.13,-0.97
65342RAE0,2.86,0.13,-0.78,3.1,0.85
65342RAF7,1.27,0.9,0.58,2.13,0.59
65343HAA9,2.71,1.14,-2.03,4.12,-2.02
65442QAA9,-2.32,3.33,-8.2,-2.59,-1.33
655664AH3,2.97,3.54,-4.41,6.84,2.61
655664AS9,2.31,0.53,-2,4.06,1.52
655664AX8,0.8,0.13,0.31,1.43,0.11
665531AG4,1.92,3.68,-1.25,4.73,-1.47
66679NAA8,1.39,1.47,-0.16,1.38,-1.15
667449AA0,1.54,2.39,-1.14,1.45,0.14
667449AC6,1.28,1.48,-1.05,7.45,-3.41
667449AD4,3.5,-0.89,-0.78,4.99,-3.42
668771AK4,2.8,2.35,-1.48,3.78,-2.41
668771AL2,2.62,2.71,-0.25,3.56,-3.29
66981QAA4,1.51,2.96,-2.23,4.78,-1.35
670001AE6,4.12,6.49,-1.3,3.74,-3.49
670001AG1,4.99,2.28,-0.14,1.32,-2.39
67052NAB1,1.68,2.56,0.77,4.79,-3.36
67059TAE5,6.61,2.75,-0.82,2.97,-2.68
67059TAF2,5.73,0.56,0.42,1.97,-1.9
67059TAG0,5.21,1.18,-0.53,2.88,-1.78
674215AL2,4.05,0.46,-0.47,2.19,-1.59
67421QAA0,5.82,0.71,0.21,2.91,-1.87
674599CH6,0.25,-0.22,-0.08,2.17,-2.03
674599CM5,0.83,0.33,0.86,1.9,-2.41
674599CR4,1.61,-1.15,0.6,1.09,-2.75
674599CW3,1.23,-0.25,0.55,0.35,-0.45
674599DB8,0.27,-0.46,0.55,0.7,-0.13
674599DC6,1.63,-0.52,0.21,1.78,-1.48
674599DR3,-0.3,1.93,-1.35,1.39,-0.12
674599DZ5,2.49,0.14,0.38,2.86,-2.39
674599EB7,1.02,0.53,-0.81,1.62,-0.72
674599EC5,2.11,1.27,0.14,3.28,-2.32
674599EE1,0.88,-0.13,-0.36,1.37,-1.22
675232AA0,4.77,1.62,-0.31,2.01,-0.63
675232AB8,11.04,2.39,3.5,3.41,-0.96
67777LAD5,7.13,2.07,3.08,2,-0.3
680665AJ5,4.69,0.26,1.87,2.6,-1.58
680665AK2,8.68,0.73,1.19,3.93,-3.13
680665AL0,6.33,1.29,0.39,3.23,-1.87
681639AA8,7.26,-0.83,0.74,2.43,0.52
681639AB6,1.94,4.58,6.87,9.67,-1.2
682189AQ8,2.91,0.95,-0.93,4.67,-3.22
682357AA6,0.94,1.54,2.2,3.8,-1.18
68245XAH2,1.5,1.98,1.38,1.79,-2.01
68245XAJ8,1.83,3.84,-0.72,3.03,-2.35
68245XAK5,1.31,0.38,0.28,0.93,-0.02
68245XAP4,1.55,2.48,1.55,2.02,-2.28
682691AB6,5.8,0.36,-0.52,5.68,-3.23
682691AC4,6.39,2.1,0.47,6.13,-4.55
683715AC0,4.56,-1.28,0.96,1.62,-0.49
68404LAA0,2.28,-0.57,4.01,-1.33,-0.78
68621CAA7,-0.04,5.88,2.13,3.3,-0.04
68622TAA9,3.29,2.63,-0.94,2.85,-2.37
687785AB1,2.29,4.65,-0.4,1.42,-0.8
688777AA9,-0.94,-7.35,-10.79,26.8,-5.38
69007TAB0,3.96,1.96,-0.71,2.86,-2.01
69007TAD6,2.05,1.05,0.29,1.67,-0.64
69007TAE4,5.12,2.94,-0.18,4.08,-3.67
690732AE2,-1.24,0.82,0.38,1.68,-1.68
690732AF9,-1.05,5.81,-4.12,2.98,-5.28
690732AG7,-4.5,6.98,-2.35,3.51,-6.24
69073TAS2,0.91,1.95,1.29,1.71,1.55
69073TAT0,5.75,1.47,1.54,1.54,-0.22
690872AB2,2.01,2.53,1.26,1.2,0.73
69145LAC8,-0.62,1.89,1.01,4.57,-0.52
69291HAA3,-7.38,-10.03,10.41,18.27,-6.15
69306RAA4,3.76,5.26,0.93,1.62,-0.2
693070AD6,-1.48,0.86,0.94,3.77,0.36
69318FAJ7,5.75,1.01,-2.37,6.47,-0.41
69327RAG6,0.44,0.17,0.51,0.79,0.19
69327RAJ0,4.14,0.05,0.52,2.1,-0.38
69331CAH1,5.23,1.11,1.17,2.69,-2.01
69331CAJ7,4.35,2.58,0.98,1.74,-2.15
69336VAB7,1.16,1.76,0.15,3.39,-1.9
69346VAA7,5.13,1.85,-1.36,2.05,-1.09
69354NAC0,-0.2,2.3,-0.42,4.4,1.35
69354NAD8,-0.89,3.29,-0.38,4.71,-0.73
69356MAA4,3.3,2.66,-8.85,1.63,19.96
69356NAA2,-4.49,6.57,1.9,2.93,-0.82
69357VAA3,2.72,14.09,1.26,2.7,1.79
69370CAB6,2.64,0.05,0.02,0.9,-0.57
69370CAC4,4.24,0.4,-0.15,3.33,-2.13
69506YSC4,1.16,2.08,0.62,3.8,0.06
69527AAA4,5.94,-0.23,2.77,-0.1,-2.64
698525AA0,2.81,4.13,1.15,3.22,2.51
69867DAA6,2.62,1.86,-0.29,2.11,-0.73
69867DAC2,3.52,0.4,1.2,2.61,0.41
698813AA0,1.83,4.01,1.1,3.87,-2.88
70052LAA1,1.38,1,-0.01,1.98,-0.26
70052LAB9,6.52,2.6,-2.39,2.04,-3.07
70052LAC7,5.9,0.49,-2.09,3.17,-3.28
700677AR8,-5.67,11.24,-15.03,14.04,3.96
70082LAA5,-1.57,8.05,1.39,3.13,1.12
70082LAB3,-0.08,5.01,1.93,2.53,0.35
70137TAP0,2.71,1.82,-0.95,1.85,-1.38
70137WAG3,4.08,0.58,-0.19,3.3,-2.04
703343AC7,0.77,4.68,2.67,2.38,-0.1
703343AD5,2.45,5.45,6.23,2.36,-0.1
70339PAA7,3.73,1.31,0.08,2.61,-2.29
703481AB7,7.42,0.77,1.04,2.93,-2.5
70478JAA2,11.62,2.82,1.49,6.74,-1.62
707569AS8,3.16,2.4,-0.81,4.13,-0.93
707569AV1,3.64,4.01,-4.04,4.9,-1.24
70789PAA2,5.35,2.62,0.61,2.03,4.73
70932MAA5,6.07,1.55,0.47,3.4,-1.73
70932MAB3,5.11,3.89,3,5.92,-3.97
70959WAJ2,1.18,2.23,-2,2.03,-0.74
70959WAK9,2.78,2.73,-2.07,4.96,-0.78
71367VAA7,-2.24,4.33,1.94,4.73,-0.53
71376LAD2,0.73,1.26,0.42,1.15,0.44
71376LAE0,2.56,5.76,-2.86,3.32,-1.76
714295AC6,1.96,0.11,0.12,2.62,-0.85
71429MAB1,2.53,-0.39,0.84,2.33,-0.66
716473AE3,-0.74,-16.29,-5.89,16.59,-0.52
71677KAA6,6.33,0.64,-0.72,2.71,-0.85
71677KAB4,5.64,-0.14,1.5,6.24,-0.46
719245AD4,4.14,-4.66,-5.8,-9.91,1.79
71953LAA9,2.22,0.5,0.26,1.28,-1.3
721283AA7,5.85,4.26,-0.9,1.48,-1.24
724479AP5,4.63,21.41,12.55,-1.16,0.14
724479AQ3,7.51,12.84,11.01,1.38,0.83
72815LAA5,4.62,-2.22,-3.2,6.23,-0.94
730481AJ7,3.35,2.13,0.51,2.38,-2.19
73103PAA5,-9.75,-13.9,-10.39,22.26,2.15
73179PAM8,2.11,0.17,0.59,1.8,-0.3
737446AM6,1.94,1.15,-0.21,2.28,-0.38
737446AN4,2.96,2.4,-0.52,2.63,-0.17
737446AP9,4.48,2.55,-1.07,2.91,-0.63
73939VAA2,4.65,-0.33,1.69,3.32,1.37
740212AL9,5.5,0.14,0.34,2.8,-0.5
740212AM7,4.61,3.29,-0.09,3.56,-6.03
74052HAA2,8.17,8.03,-8.96,-0.58,1.7
74101XAE0,4.81,1.61,-1.86,2.51,-1.59
74101XAF7,4.06,2.69,1.71,4.33,0.38
74112BAL9,3.38,2.47,1.38,2,-1.38
74165HAB4,-1.56,-1.23,-1.47,5.16,1.92
74166MAB2,2.33,0.25,-0.43,1.28,-0.23
74166MAC0,4.41,1.71,-2.48,2.6,-1.43
74166MAE6,8.62,1.31,-2.33,4.29,-1.64
74166MAF3,3.54,1.61,-0.99,2.78,-2.02
74168LAA4,1.7,3.14,0.75,1.56,-1.38
74319RAA9,2.13,7.75,-3.19,5.85,0.87
74349MAA4,-1.58,4.64,-1.45,2.36,1.53
743815AE2,3.59,-2.6,2.8,2.69,-1.98
74387UAJ0,-1.08,0.51,0.99,6.68,-2.9
747262AU7,2.66,-0.97,-3.48,4.65,-5.1
747262AY9,5.34,-4.64,-4.46,7.57,-14.63
747262AZ6,6.73,-6.86,-9.65,8.78,-12.2
74841CAA9,1.1,4.21,-1.64,6.63,-4.02
749571AF2,6.44,-0.54,0.89,3.63,-1.56
749571AG0,5.81,0.58,-0.05,3.26,-1.84
74965LAA9,7.45,0.15,-2.58,3.52,-1.09
74969PAA6,-8.22,11.62,-7.98,7.22,-3.69
750098AA3,-9.48,13.77,-7.4,-14.82,9.28
750098AB1,0.61,4.09,-12.43,3.7,1.58
75026JAC4,4.59,-3.56,-10.43,4.65,-1.69
75026JAE0,-8.48,-11.53,-22.58,24.8,-8.22
75041VAA2,-17.06,12.28,-3.17,8.36,2.56
75079MAA7,-0.6,1.36,-0.2,0.79,1.54
75079RAC2,-2.34,5.3,3.07,3.13,1.57
75102WAA6,-0.92,-1.86,6.14,13.31,-12.61
75102WAB4,-7.01,-3.3,4.47,20.35,-20.07
75281AAS8,2.81,0.78,-0.91,2.25,0.94
75281ABJ7,0,0,0,0.58,0.69
75281ABK4,2.4,1.06,0.72,2.06,-0.01
75383KAA2,2.77,1.22,1.19,4.02,-0.04
75508EAB4,1.06,8.98,0.95,-2.24,1.23
75602BAA7,0.85,-3.85,0.6,8.74,0.74
75606DAL5,0.22,6.23,-1.38,4.54,-7.63
758071AA2,6.14,2.06,-3.61,5.53,2.56
76009NAL4,0.21,6.71,0.57,5.23,1.02
76174LAA1,5.68,-0.24,1.09,1.55,-2.56
767744AA3,0.81,0.53,0.77,0.9,1.17
767754AJ3,-7.77,0.31,-20.67,13.11,-9.77
767754CK8,-6.23,5.72,-5.15,-0.56,8.13
767754CL6,-7.32,-4.02,-13.38,6.64,-3.43
77289KAA3,2.28,2.96,0.65,4.41,-2.68
77313LAA1,1.83,2.03,1.25,3.72,-3.04
77314EAA6,8.51,-0.59,-0.75,5.88,-1.65
77340RAS6,3.09,1.33,0.71,0.86,-2.08
775631AD6,4.49,0.15,0.49,4.46,-3.42
77578JAB4,2.86,4.51,0.4,1.67,-0.17
77578JAC2,4.6,6.21,-0.59,2.75,-0.35
780153AG7,7.07,5.43,0.28,8.57,1.41
780153AW2,11.3,4.8,-1.45,6.56,1.72
780153BG6,10.19,6.82,-1.43,8.13,1.83
780153BH4,8.24,4.44,-1.42,7.55,1.26
780153BJ0,7.3,6.68,-2.16,6.35,3.24
780153BK7,7.3,6.22,-4.74,7.13,1.85
780153BL5,7.58,5.71,-0.5,6.19,1.23
780153BR2,3.09,1.64,0.97,3.52,1.06
780153BS0,2.7,2.43,-1.57,4.48,-0.06
78397KAA0,3,2.13,0.04,2.55,-0.09
78397UAA8,3.15,4.94,3.27,9.28,-2.1
78410GAD6,2.13,2.53,-1.63,2.38,-1.73
78410GAG9,0,0,0,2.07,-2.51
78433BAA6,5.59,2.93,-2.82,2.66,-1.05
78433BAB4,5.83,3.52,-2.03,5.49,-3.64
78442PGD2,4.03,-1.01,-0.31,3.28,-1.24
78442PGE0,5.98,-1.61,0.88,3.49,-1.99
78454LAL4,1.73,0.24,0.11,2.07,-1.01
78454LAN0,3.54,1.01,-1.48,1.54,-1.41
78454LAP5,1.87,0.7,-2.19,1.82,-1.66
78454LAW0,2.85,0.7,-1.66,0.59,-2.72
78466CAC0,1.79,3.39,-0.67,2.56,-1.47
7846ELAD9,0.22,-1.53,1.05,2.2,-1.56
78471RAB2,3.03,1.79,0.87,3.34,-4.22
78471RAC0,2.75,1.61,-0.01,6.97,-1.52
78471RAD8,2.92,1.58,-2.71,7.54,-1.92
78500AAA6,-2.12,2.63,3.58,13.68,-0.4
78573NAC6,2.53,3.03,0.72,2.6,-2.82
78573NAF9,5.62,1.98,1.3,3.64,-4.15
78669QAA8,-1.73,-1.75,3.22,4.94,-1.33
79546VAL0,0.5,1.52,1.16,3.23,-0.99
80007RAE5,-7.72,18.03,2.45,6.56,-4.04
80007RAF2,-2.82,10.52,0.77,3.1,-2.06
80007RAK1,-3.47,11.75,1.54,3.3,-2.17
80007RAN5,-8.79,16,1.12,3.74,-2.87
80627DAC0,0.83,1.2,1.81,6.06,1.23
808541AA4,4.54,-4.03,0.16,6.28,0.19
808625AA5,2.43,1.29,1.37,1.25,-1.91
80874DAA4,8.77,-1.66,2.27,6.06,-0.61
80874YBC3,3.24,2.89,-3.37,4.28,-0.81
80874YBE9,4.32,2.41,-1.74,4.78,-0.95
810186AP1,1.8,3.18,-0.19,4.25,-2.06
810186AS5,11.7,1.89,-0.86,7.69,0.16
81104PAA7,4.61,-0.29,1.06,-0.24,-9.44
81105DAA3,4.44,1.69,-2.86,3.43,-4.63
81180WAL5,1.55,0.83,0.51,1.32,-1.2
81180WAR2,2.09,2.17,-0.18,4.09,-2.49
81211KAW0,2.87,1.33,-1.02,1.17,-0.94
81211KAX8,2.42,1.97,-0.55,0.7,-0.36
81211KAY6,3.7,0.66,1.77,1.78,-2.27
81211KBA7,2.17,2.3,1.44,1.35,-2.48
81254UAK2,-0.67,-0.7,0.6,0.69,-0.72
81282UAG7,4.83,0.36,0.58,4.47,-1.17
816196AT6,1.89,1.95,-2.18,2.94,-1.44
81721MAK5,0.85,1.61,-0.49,1.04,2.81
81721MAM1,8.77,0.94,-16.55,7.57,7.56
81725WAH6,0.46,0.92,-0.16,1.39,-0.64
81725WAJ2,2.43,1.32,-0.08,1.49,-0.82
81725WAK9,1.9,4.72,-1.38,4.41,-1.3
81725WAL7,2.11,0.99,0.3,4.01,-2.15
817565BT0,0.82,-0.13,1.12,2.29,-0.23
817565CD4,2.56,0.85,0.08,2.71,-1.64
817565CE2,2.83,2.07,-0.26,2.49,-2.13
81761LAA0,4.94,0.03,-0.37,3.64,1.16
81761LAB8,6.31,1.5,-0.19,3.6,2.14
82088KAJ7,4.95,2.32,3.05,3.82,1.3
82088KAK4,4.17,2.82,1.48,2.32,0.28
82453AAA5,1.55,2.93,0.41,0.92,-2.55
82660CAA0,-5.7,15.99,0.45,9.55,4.31
82666QAA3,-11.82,-3.77,-27.55,33.17,14.51
827048AW9,4.01,2.87,-1.05,1.32,-1.76
82873MAA1,2.58,-0.41,1.17,4.1,-3.35
829259AW0,1.85,0.3,-2.02,8.86,-0.81
82967NBA5,0.71,2.01,-0.6,2.58,-2.59
82967NBC1,2.83,1.56,-1.1,3.13,-3.35
82967NBJ6,1.72,2.73,-1.14,2.76,-3.34
82967NBL1,2.04,1.5,-1.58,1.81,-1.57
83001AAB8,1.88,0.86,-0.74,1.93,0.81
83001AAC6,2.26,1.07,2.16,4.89,0.39
83001WAC8,1.27,0.33,0.64,1.1,0.41
830146AB2,-0.14,2.95,3.48,1.7,-0.86
83067LAA7,4.79,0.04,0.69,3.73,5.17
83419MAA0,3.24,4.2,1.1,1.08,-0.58
835898AH0,5.84,1.74,-2.75,3.34,-1.45
83600GAA2,1.82,0.92,-0.63,2.33,-0.93
841504AB9,3.36,1.88,1,3.19,-1.01
845467AL3,1.1,0.94,0.47,1.12,0.43
845467AP4,0.58,1.07,0.09,2.01,0.25
845467AR0,2.97,1.85,-1.61,1.93,0.01
845467AS8,3.79,1.73,-2.65,2.91,-1.41
84611WAB0,1.89,5.01,1.15,0.83,-0.13
84612JAA0,0.21,2.79,0.08,6.38,0.78
846425AQ9,-2.98,-0.57,-1.17,1.3,25.11
84749AAA5,-2.38,3.94,-0.13,12.5,2.44
84762LAU9,4.36,0.62,0.65,0.75,-0.39
84762LAV7,4.07,5.31,2.66,1.79,-1.7
84779MAA2,0.49,1.6,2.04,5.96,-1.23
84859BAA9,1.48,0.21,-0.41,2.13,-0.84
84859BAB7,1.48,0.21,-0.41,2.13,-0.84
85172FAM1,3.79,0.78,-0.56,4.07,-1.04
85172FAN9,6.62,1.28,-0.86,5.11,-1.08
85172FAQ2,6.58,1.64,1.05,5.97,-3.75
85205TAG5,1.74,1.02,1.17,4.06,0
85205TAK6,-0.26,9.82,5.09,5.25,-2.31
85205TAL4,3.8,2.19,0.54,2.11,0.19
852060AD4,0.92,3.14,-1.29,3.61,-1.64
85207UAH8,0.49,1.07,0.21,0.8,-0.35
85207UAJ4,1.02,0.98,0.22,0.83,-0.61
85207UAK1,1.03,1.41,0.48,1.06,-1.17
852234AN3,4.35,-0.55,0.52,1.97,-1.37
85236FAA1,5.57,4.61,1.39,2.28,-1.89
853496AC1,3.75,1.77,1.24,3.37,-2.38
853496AD9,3.98,3.87,-0.06,4.42,-3.73
855030AN2,4.16,3.26,-2.82,3.78,0.89
855030AP7,-0.71,1.84,0.35,6.24,1.88
85571BAL9,4.19,3.09,-0.91,1.6,-1.02
85571BAU9,2.93,2.62,-1.98,2.86,-2.11
85571BAW5,3.14,1.46,0.39,0.71,-0.6
85571BAY1,4.01,2.21,-0.47,2.58,-2.96
857691AG4,5.03,2.97,0.39,4.09,-1.51
858155AE4,2.4,0.65,-0.86,3.44,-4.25
85858EAB9,-0.99,-0.24,0.42,2.28,3.19
858912AF5,2.82,0.81,-0.43,1.31,-0.13
858912AG3,5.26,1.39,-0.48,2.12,-2.89
86024TAA5,3.16,0.7,0.76,1.21,0.57
861036AA9,2.98,0.66,0.13,1.78,0.41
86184WAA4,-1.84,1.57,-1.58,2.15,-10.09
86304TAA6,0.12,1.33,-13.58,17.42,-4.1
86400GAC3,-4.02,15.12,2.43,4.41,-1.65
864486AK1,0.83,1.47,0.63,1.65,-1.23
865033AC8,1.72,1.06,-1.09,1.17,1.64
865632AA1,-2.39,1.13,0.39,3.68,3.44
86614RAM9,0.41,2.36,1.3,1.71,-1.18
86614RAN7,4.53,1.25,0.62,1.28,-1.59
86614WAD8,3.05,1.53,1.62,2.69,1.04
86614WAE6,3.04,0.98,0.38,3.19,-1.54
86722AAD5,6.83,3.95,1.21,3.54,-2.76
86745GAF0,-0.78,2,0.41,1.23,-2.6
86765LAN7,4.77,1.37,-1.26,3.85,-1.2
86765LAQ0,3.23,1.58,-0.72,1.37,-1.19
86765LAT4,4.41,1.59,1.06,4.05,-2.77
86828LAC6,1.56,2.02,0.98,3.36,-1.31
87133LAA8,9.81,3.62,-1.72,0.94,4.29
871503AU2,2.6,1.46,-0.33,0.98,-0.55
87157DAG4,2.16,2.87,0.68,4.16,-3.99
87166BAA0,3.86,-4.95,3.35,1.15,2.47
87256YAA1,-8.52,-14.95,0.44,8.98,2.02
87256YAC7,3.16,-5.15,1.79,5.2,0.66
87261QAC7,-2.27,5.15,0.82,5.85,4.14
87265HAF6,0.79,4.64,0.52,5.9,-0.89
87265HAG4,2.39,4.53,1.69,3.5,-0.02
87305RAK5,5.27,1.44,0.95,2.14,-4.54
87356LAA8,-0.32,-1.17,-15.57,12.42,0.15
87470LAD3,5.22,1.84,-2.15,4.1,-1.88
87470LAG6,5.19,0.69,-0.67,2.2,-1.78
87470LAH4,3.2,0.6,0.02,1.23,-1.25
87602LAA0,3.17,0.3,1.21,2.45,-2.79
876511AF3,4.73,3.54,6.4,8.14,-3.79
87724RAA0,1.49,2.33,1.19,2.71,-2.11
87724RAB8,4.83,2.4,1.44,3.68,-2.23
87854XAE1,0.74,1.66,0.92,2.2,-0.14
87901JAF2,2.61,-0.31,-0.26,0.2,-1.76
87901JAH8,3.88,-1.27,0.57,-0.02,-5.05
87901JAJ4,3.35,-0.54,0.85,-0.68,-4.77
879068AB0,-0.23,2.36,0.12,3.99,-0.2
87927YAA0,0.24,3.15,-1.6,3.06,0.21
879369AF3,3.5,0.73,0.37,0.58,-1.04
879369AG1,4.38,2.95,-1.99,1.47,-1.53
87952VAM8,-4.3,-10.26,-4.43,-4.67,9
87952VAP1,-1.1,-1.68,2.15,1.84,9.26
87952VAR7,-0.17,1.17,-1.67,-0.26,14.02
88023JAD8,1.68,1.09,1.71,1.04,-1.45
88023UAH4,1.66,4.33,0.71,4.35,-1.79
88033GCS7,1.12,0.78,0.23,1.31,0.2
88033GCZ1,2.2,0.87,0.14,2.63,-1.51
88033GDB3,2.38,2.7,0.05,3.6,-1.87
88033GDD9,0.96,0.35,0.22,1.51,0.6
88033GDH0,0.98,2.53,-0.55,3.99,-1.8
88033GDK3,-1.14,2.31,0.78,4.28,-0.07
88033GDM9,2.17,2.92,0.5,3.16,-1.19
88033GDP2,1.62,2.43,0.93,2.52,-1.32
88033GDR8,1.21,3.98,-0.36,3.07,-1.24
88033GDS6,3.46,0.78,-0.13,3.07,-0.07
880394AB7,0.31,3.32,3.35,3.12,3.21
880394AE1,0.95,3.3,4.61,2.77,1.96
88047PAA2,2.67,-20.96,-1.11,15.65,3.59
880779BA0,4.34,2.17,0.25,4.32,-1.23
88104LAE3,6.76,0.01,-2.23,4.79,-1.57
88104LAG8,6.33,0.71,-1.17,3.7,-3.72
88104UAC7,-1.72,2.17,0.4,2.64,1.32
88146LAA1,11.38,-8.12,-1.14,4.87,-12.87
88159EAA1,1.09,0.82,0.12,1.22,0.24
88224QAA5,0.76,1.74,1.82,4.3,-0.94
88632QAE3,3.06,1.42,-3.16,4.15,-0.6
88827AAA1,5.17,7.22,2.19,5.34,-2.96
88830MAM4,3.06,2.61,0.14,1.4,-0.45
889184AC1,-6.1,25.1,-5.32,5.45,0.89
89055FAB9,1.74,1.64,2.42,3.43,-1.76
892231AB7,3.52,-0.96,-1.5,6.83,-1.55
89238QAB5,0.83,2.88,0.4,-0.81,1.03
893647BB2,2.43,2.41,-0.77,1.87,-1.05
893647BE6,2.21,1.34,-0.08,1.64,-0.69
893647BH9,4.19,2.24,-0.75,2.27,-1.22
893647BL0,4.98,4.16,-0.32,2.13,-3.14
893647BP1,5.96,3.62,-1.19,3.02,-4.35
893647BQ9,6,3.49,0.57,4.16,-4.27
89365DAB9,3.23,1.43,0.44,1.73,-0.63
89376VAA8,2.37,1.91,0.59,0.6,-1.22
893830BF5,16.98,-1.13,0.13,11.76,-1.67
893830BK4,14.02,0.53,2.7,7.73,0.02
893830BL2,18.94,0.47,1.4,12.86,-2.83
893830BQ1,9.16,1.87,0.01,4.73,-0.68
89383JAA6,5.37,2.17,0.9,2.46,-1.18
89469AAD6,6.07,1.59,0.13,-0.44,1.87
89616RAA7,-0.38,0.69,1.94,3.07,2.58
89616RAB5,2.81,3.14,-0.15,3.93,1.91
896215AH3,2.35,0.49,2.48,1.95,-1.74
896288AA5,2.09,0.66,-0.21,1.44,0.39
896522AH2,0.03,1.68,1.12,0.2,0.46
89668QAE8,-3.73,4.87,2.52,6.78,1.1
89668QAF5,-2.69,13.08,0.94,11.69,-6.65
89680EAA7,-0.1,3.2,4.58,-1.42,0.78
896818AP6,-1.8,14.71,-0.93,0.77,13.12
89686QAA4,2.35,2.55,-1.4,3.27,-1.12
89686QAB2,7.86,-0.07,-1.49,5.42,-0.46
896945AA0,2.2,0.59,0.88,1.55,0.48
897051AC2,5.41,4.44,2.86,3.32,-4.19
90041LAF2,1.08,0.8,-0.59,5.78,0.2
901109AF5,7.43,9.06,1.14,2.22,-4.75
90138FAC6,2.52,0.7,-1.89,4.7,-0.36
902104AC2,3.83,3.58,-0.31,5.64,-3.75
90290MAC5,1.98,0.71,-0.52,1.46,0.29
90290MAD3,4.38,1.76,-0.92,3.58,-1.1
90290MAE1,5.1,1.32,1.36,2.31,-2.2
90320LAG2,4.72,3.43,0.49,1.58,-2.3
90345WAD6,-0.85,1.52,2.04,2.86,3.53
90346WAA1,1.25,1.55,1.16,3.59,1.82
90353TAC4,0.96,1.84,-0.38,2.04,0.48
90353TAE0,2.28,1.45,-0.4,1.99,0.52
90353TAF7,0.83,1.24,-0.08,2,0.11
90353TAG5,3.74,2.01,-0.56,2.06,1.06
90353TAK6,2.29,2.03,-0.06,2.66,-0.22
90367UAA9,8.38,0.78,-1.48,2.58,-1.5
904311AA5,-0.38,3.65,0.82,2.59,-2.01
904678AF6,0.72,4.86,1.92,5.37,-0.47
904678AQ2,1.42,6.1,2.37,6.28,-2.49
90473LAA0,5.09,3.27,-0.23,6.49,-8.45
90473LAC6,2.58,0.6,-0.5,14.47,-4.71
909214BV9,7.49,-13.9,5.21,-0.57,0.68
90932KAA7,4.91,0.88,1.1,4.48,1.31
90932LAG2,2.89,2.06,0.42,2.6,-0.46
90932LAH0,3.75,3.56,-0.55,4.93,-2.23
910047AK5,2.72,0.92,0.83,2.03,-0.69
911163AA1,5.67,0.91,-0.26,0.96,-1.03
911365BF0,1.32,1.56,0.35,1.1,-0.89
911365BG8,1.79,3.05,-0.63,2.6,-1.16
911365BL7,2.92,2.47,-2.37,3.42,-1.64
91153LAA5,3.99,2.96,-0.96,4.3,-0.49
912909AU2,1.45,6.25,1.07,4.5,-0.44
912920AK1,-0.05,-0.99,1.44,1.31,-0.45
913229AA8,0.44,9.68,-1.17,8.38,-3.14
913229AC4,3,8.37,-0.63,4.99,-1.42
91327AAB8,8.2,5.91,-7.47,5.15,-5.34
91327BAA8,8.13,2.56,-9.5,5.08,-3.8
91327BAB6,4.24,1.99,-3.44,3.16,-2.76
91337CAA4,3.75,3.8,-0.33,2.69,-1.17
91349WAB4,-0.68,2.26,0.99,1.36,1.48
914906AS1,2.23,0.91,-0.24,2.65,0.3
914906AU6,4.88,-0.1,-0.39,2.01,-2.14
914906AV4,3.85,1.92,-1.61,3.34,-1.49
914906AX0,3.08,3.03,-3.37,3.11,-2.57
91705JAC9,3.68,-2.45,3.11,7.25,-0.67
91739VAA6,2.13,1.43,-0.6,4.21,-0.29
91740PAC2,4.94,0.88,0.79,2.67,-1.56
91740PAF5,5.48,0.65,0.08,3.93,-1.82
91832VAA2,2.7,3.87,-0.45,2.8,0.53
91835HAA0,0.88,4.39,-0.95,5.03,-3.37
91879QAL3,1.27,1.38,0.67,0.87,-0.03
91911KAN2,1.02,5.58,1.43,0.07,3.06
91911KAP7,0.59,14.2,6.83,0.62,2
91911XAV6,-0.88,12.03,10.68,6.28,-0.61
91911XAW4,7.15,10.43,7.81,1.68,0.98
92047WAD3,2.64,0.93,0.79,1.15,-0.29
92214XAC0,-0.52,1.4,1.34,0.55,-0.86
92240MBJ6,7.11,2.46,-0.24,1.9,0.49
92240MBL1,7.25,-0.2,-0.13,1.09,-0.15
9226ALAA2,-31.48,13.06,-0.35,11.4,-0.81
92346LAE3,10.47,-14.04,-2.04,-2.78,16.92
923725AB1,2.97,0.39,0.23,2.22,-0.43
923725AD7,2.69,-0.72,-0.49,1.1,-2.62
92535UAB0,8.21,-0.31,-0.71,2.34,0.18
92537RAA7,5.7,1.12,-0.22,4.32,-0.86
92537VAA8,-0.53,1.17,-0.92,9.23,3.99
92552VAK6,19.18,1.49,0.74,1.21,-0.91
92552VAL4,11.15,-0.12,0.64,3.43,-1.75
92552VAN0,24.74,-7.29,0.44,5.28,-7.15
92553PBC5,-2.2,-0.56,-2.69,7.55,-3.43
92556HAE7,-1.05,-1.52,-2.19,7.61,-0.3
926400AA0,5.77,6.4,-5,6.35,-1.5
92641PAA4,-14.08,24.63,-12.91,12.7,2.51
92660FAG9,1.41,0.8,-0.33,0.82,-0.2
92660FAK0,2.93,1.82,-0.18,2.47,-2.24
92660FAN4,3.67,1.8,-0.09,3.7,-3.17
92676XAC1,0.94,5.7,-0.72,1.68,1.23
92676XAD9,5.33,5.49,-1.53,4.96,1.13
92676XAF4,4.16,7.65,-1.95,5.41,-0.45
92682RAA0,0.87,4.36,-0.75,6.66,0.94
92735LAA0,3.3,1.26,-2.78,1.86,-1.23
92763MAA3,2.1,1.82,0.59,2.24,-1.33
92769XAP0,6.1,0.78,-2.27,3.63,-1.85
92770QAA5,6.46,0.71,2.69,4.26,-3.54
928377AC4,10.37,-2.43,-2.75,10.26,0.27
92837TAA0,-2.89,4.95,3.62,10.22,-0.07
92840JAB5,4.19,-1.13,-1.78,10.21,0.2
92840JAD1,4.14,0.56,1.77,7.56,-0.39
92840VAA0,3.18,1.33,0.18,1.45,-1.27
92840VAB8,2.25,1.94,-0.91,1.91,-1.57
92840VAF9,2.61,1.95,0.14,1.49,-0.74
92840VAH5,2.91,4.79,-4.17,2.49,-1.32
92857WBQ2,0.97,4.34,2.93,2.87,-3.26
92857WBV1,0.4,4.94,0.38,5.3,-0.26
92943GAA9,2.98,7.1,-3.22,3.45,-2.61
92943GAC5,1.15,0.25,1.55,1.14,1.19
92943GAD3,1.99,2.81,-2.33,5.76,-1.03
929566AL1,5.85,3.51,0.88,4.16,-0.53
93627CAB7,2.78,0.15,-0.42,0.41,2.11
93710WAA3,1.65,1.01,0.42,-1.25,1.02
94107JAA1,4.96,0.29,-3.7,5.35,-1.33
941130AB2,3.86,3.49,-1.77,0.13,-2.16
947075AT4,6.16,1.63,1.43,2,-0.8
947075AU1,8.61,2.37,1.82,5.08,-0.29
948565AD8,0.85,1,2.46,3.87,-1.7
94876QAA4,2.04,3.32,0.92,0.79,-1.86
95039LAA6,1.43,2.21,-0.04,3.43,0.55
95076PAA1,1.62,-5.12,-14.76,0.68,1.03
95081QAN4,1.56,0.82,0.82,0.8,0.04
95081QAP9,3.58,0.52,0.13,2.11,-0.62
958254AE4,2.18,1.46,-0.84,1.42,-0.34
958254AF1,2.23,3.87,-1.93,1.81,-1.03
958254AH7,3.14,2.51,-0.63,3.61,-1.85
958254AK0,2.23,1.72,-0.29,4.15,-2.16
958278AA1,-5.25,-0.05,-7.53,-5.94,-12.52
958667AB3,2.41,1.17,-0.97,1.18,-0.41
96208LAA9,-19.35,-5.29,-24.2,44.62,0.89
96209BAA0,-13.05,-7.57,-26.58,28.35,6.98
962178AN9,1.13,2.21,-0.6,0.7,-0.12
96289WAA7,5.17,-19.12,1.91,4.65,13.86
96350RAA2,3.41,2.52,2.73,5.67,-0.26
96351CAA4,2.02,0.47,1.72,6.19,4.12
96926JAC1,3.22,0.71,0.42,1.96,-0.73
96950GAE2,3.68,0.83,0.42,2.28,-2.04
97382WAA1,5.02,1.4,-4.94,-0.32,1.69
974637AC4,1.13,-0.33,1.82,3.6,-0.53
97789LAB2,4.97,1.81,-4.45,5.46,1.26
981419AC8,0.52,-6.54,-2.68,33.28,2.05
98262PAA9,6.04,4.48,-15.52,8.29,-3.46
98310WAM0,0.61,1.01,1.63,1.82,0.91
98310WAN8,3.9,1.99,0.39,3.58,-0.86
98310WAS7,4.26,1.13,0.91,1.87,-0.47
98311AAB1,0.43,2.67,0.56,3.8,-1.64
983130AV7,1.71,1.96,-0.81,2.55,0.45
983130AX3,-0.66,6.67,-0.37,4.81,-0.81
98313RAC0,-4.77,21.91,2.37,2.12,0.26
98313RAD8,-12.59,36.35,6.07,3.69,-1.18
98313RAG1,-9.83,30.32,2.83,2.71,-2.04
98313RAH9,-12.68,36.55,5.6,4.83,-2.57
98372MAA3,2.85,0.19,-0.3,1.93,-1.38
98372MAC9,5.79,-2.61,0.4,8.15,-3.57
984121CJ0,-0.52,0.91,0.05,1.06,-0.2
98421MAA4,0.96,3.31,-1.75,2.55,0.42
98421MAB2,-0.93,2.57,0.2,6.19,-0.99
98877DAC9,3.41,2.31,-0.47,2.06,-0.84
98919VAA3,-3.46,-6.73,1.05,7.56,-2.89
98919VAB1,-4.67,-17.31,3.78,20.65,-7.11
98954UAB9,8.17,2.01,1.7,2.5,-1.06
98955DAA8,7.04,1.18,-1.95,4.76,-2.34
98981BAA0,3.36,0.78,0.01,2.7,-2.94
AN6287618,-5.37,21.37,6.32,3.17,-1
AP4112532,0.71,0.72,0.82,2.8,0.47
AQ2322842,1.63,1.61,1.78,3.67,1.18
AQ6899878,1.23,-0.25,-1.3,5.67,-0.27
AX9924983,-8.36,-0.05,3.9,15.58,-3.02
AZ5835659,-10.86,32.8,7.22,7.3,-2.4
BN1555661,2.54,2.08,0.33,3.77,3.03
BO2045322,6.19,4.92,-0.11,1.4,-2.14
BQ7990238,1.81,1.05,-0.54,0.11,1.69
ZO4199154,3.14,9.2,1.81,1.82,-3.71
ZS2201136,-8.19,31.7,6.01,6.77,-2.7
